Contract Number,Contractor,Address,Phone,Email,Web Address,SAM UEI,NAICS,Socio-Economic,Current Option Period End Date,Ultimate Contract End Date,Govt. POC Name,Govt. POC Phone,Govt. POC Email,Contract Clauses Link,EPLS Status,Terms & Conditions Link
47QRAA21D0054,"#1 STRATEGIC SOLUTIONS, LIMITED LIABILITY COMPANY","6537 APOLLO WAY, INDIANAPOLIS, IN 46278-1945",3177502693,susan@strategicsolutionsusa.com,http://www.strategicsolutionsusa.com/,N3XTRPJH2S84,541511,"Small Business, Women-Owned Small Business, SBA-Certified Women-Owned Small Business, SBA-Certified Economically Disadvantaged Women-Owned Small Business, ","Apr 30, 2026","Apr 30, 2041","Darrell Howell
210-709-9555
darrell.howell@gsa.gov",,,,Contractor not found on the Excluded Parties List System,https://www.gsaadvantage.gov/ref_text/47QRAA21D0054/47QRAA21D0054_online.htm
"47QRCA25DS603
47QTCA25D006B
47QRCA25DU503
47QRCA25DV074",AERMOR LLC,"207 BUSINESS PARK DR, STE 100, VIRGINIA BEACH, VA 23462-6536",(757)214-0501,penny.morgan@aermor.com,http://aermor.com/,FX9ZNBSKELC6,336611,"Small Business, Women-Owned Small Business, SBA-Certified Women-Owned Small Business, Service Disabled Veteran Owned Small Business, ","Dec 18, 2029",,"Mckenna Heath
817-978-1011
mckenna.heath@gsa.gov",,,,Contractor not found on the Excluded Parties List System,https://www.gsaadvantage.gov/ref_text/47QTCA25D006B/47QTCA25D006B_online.htm
47QSEA21D007P,ANVIL CASES INC,"1242 E EDNA PL, COVINA, CA 91724-2539",(203) 352-6900,joe@calzonecase.com,http://www.calzoneandanvil.com/,HEM6HJFUJL41,326199,"Small Business, ","Sep 8, 2026","Sep 8, 2041","Benjamin Baellow
913-210-9331
benjamin.baellow@gsa.gov",,,,Contractor not found on the Excluded Parties List System,https://www.gsaadvantage.gov/ref_text/47QSEA21D007P/47QSEA21D007P_online.htm
36F79724D0213,"0625 LLC
DBA: RINSADA","10492 ALLANTE COURT, GIBSONIA, PA 15044",347-746-7232,srini@rinsada.com,http://www.rinsada.com/,PFR8HBH8J473,,"Small Business, ","Sep 30, 2029",,"JUANA ASTUDILLO
(708)786-7737
juana.astudillo@va.gov",,,,Contractor not found on the Excluded Parties List System,https://www.gsaadvantage.gov/ref_text/36F79724D0213/36F79724D0213_online.htm
GS-10F-0379Y,AERO E H & S INC,"10310B BALTIMORE NATIONAL PIKE, ELLICOTT CITY, MD 21042-2128",4104803636,hentgen@aeroehs.com,http://www.aeroehs.net/,VF9WHJ3K9NK3,541620,"Small Business, ","Jul 4, 2027","Jul 4, 2032","Ethel Jones
404-215-6911
ethel.jones@gsa.gov",,,,Contractor not found on the Excluded Parties List System,https://www.gsaadvantage.gov/ref_text/GS10F0379Y/GS10F0379Y_online.htm
47QTCA24D0027,"ANVIL DIGITAL, LLC","880 MONON GREEN BLVD STE 101, CARMEL, IN 46032-3363",(260)409-0359,mcclain@anvildigital.com,http://www.anvildigital.com/,Q68FNHVUJJ26,541519,"Small Business, Veteran Owned Small Business, ","Nov 29, 2028","Nov 29, 2043","Gail Smith
770-240-0603
gail.smith@gsa.gov",,,,Contractor not found on the Excluded Parties List System,
47QRAA24D0083,"1 ACORD SERVICES, LLC","6815 CARTLEDGE RD, BOX SPRINGS, GA 31801-2020",910-544-5771,dane.acord@1acord.com,http://www.1acord.com/,E1WSK3KM3DK7,541690,"Small Business, Service Disabled Veteran Owned Small Business, SBA Certified Small Disadvantaged Business, ","May 12, 2029","May 12, 2044","Alana Nweke
202-899-0837
alana.nweke@gsa.gov",,,,Contractor not found on the Excluded Parties List System,https://www.gsaadvantage.gov/ref_text/47QRAA24D0083/47QRAA24D0083_online.htm
GS-30F-0030X,AERO SPECIALTIES INC,"11175 W EMERALD ST, BOISE, ID 83713-8932",208-378-9888,DEREK@AEROSPECIALTIES.COM,http://www.aerospecialties.com/,G2NEVSFVF3Y5,336112,"Other Than Small Business, ","Jul 24, 2026","Jul 24, 2031","Pamela T Dail
202-694-2919
pamela.dail@gsa.gov",,,,Contractor not found on the Excluded Parties List System,https://www.gsaadvantage.gov/ref_text/GS30F0030X/GS30F0030X_online.htm
47QTCB21D0300,ANVIL JV CONSULTING LLC,"12211 LAKE JAMES DR, HERNDON, VA 20171-2010",(703)296-7038,brittney.killen@forgegroupllc.com,https://www.anviljv.com/,Q6EKGA4K7TW7,541512,"Small Business, SBA Certified Small Disadvantaged Business, SBA Certified 8(a) Firm, ","Jul 1, 2026",,"Jean E Fluevog
816-823-2660
jean.fluevog@gsa.gov",,,,Contractor not found on the Excluded Parties List System,http://www.gsa.gov/stars3
47QTCB22D0554,1 ADAPTIVE ARROW ALLIANCE LLC,"1054 POCAHONTAS TRL, KING WILLIAM, VA 23086-2114",(804)402-1632,STARS3@1a3llc.com,http://1a3llc.com/,DRP1WPYBJRR8,541512,"Small Business, Tribally Owned Firm, SBA Certified Small Disadvantaged Business, ","Jul 1, 2026",,"Anthony D. Russell
913-415-4744
anthony.d.russell@gsa.gov",,,,Contractor not found on the Excluded Parties List System,http://www.gsa.gov/stars3
47QRCA25DV025,"AERO TECH GROUP, LLC
DBA: MEI TECHNICAL INTEGRATION SOLUTIONS LLC","18050 SATURN LN STE 300, HOUSTON, TX 77058-4502",,john.kenny@cyfor.com,,F6C8D4VDXFY7,541715,"Small Business, Service Disabled Veteran Owned Small Business, SBA Certified Small Disadvantaged Business, ","Apr 15, 2030",,"Victor Donald
210-209-6816
victor.donald@gsa.gov",,,,Contractor not found on the Excluded Parties List System,
47QTCA18D007Q,"ANYLOGIC NORTH AMERICA, LLC","1 TOWER LN STE 2655, OAKBROOK TERRACE, IL 60181-4666",312-635-3350,dandersen@anylogic.com,http://www.anylogic.com/,F735CR855KA3,511210,"Small Business, ","Feb 25, 2028","Feb 25, 2038","Keith D Cobb
202-714-6282
keith.cobb@gsa.gov",,,,Contractor not found on the Excluded Parties List System,https://www.gsaadvantage.gov/ref_text/47QTCA18D007Q/47QTCA18D007Q_online.htm
"47QRCA24DV106
47QRCA25DS001",1 MISSION PARTNERS,"2385 MOUNTAIN RD, HAYMARKET, VA 20169-1545",,rnelson@nets-us.com,,YJSBKLCHH951,336611,"Small Business, Service Disabled Veteran Owned Small Business, SBA Certified Small Disadvantaged Business, ","Sep 29, 2029",,"Jill Jernigan
682-478-8746
jill.jernigan@gsa.gov",,,,Contractor not found on the Excluded Parties List System,
47QRAA18D00BA,"AERO THERMO TECHNOLOGY, INC","620 DISCOVERY DR NW STE 110, HUNTSVILLE, AL 35806-2817",2569221141,lhuntington@aerothermo.com,http://www.aerothermo.com/,RRWFXLFMKLP1,541715,"Small Business, Women-Owned Small Business, SBA-Certified Women-Owned Small Business, ","Jun 25, 2028","Jun 25, 2038","Derek Souzer
817-850-8276
derek.souzer@gsa.gov",,,,Contractor not found on the Excluded Parties List System,https://www.gsaadvantage.gov/ref_text/47QRAA18D00BA/47QRAA18D00BA_online.htm
47QRAA24D00DD,ANYPLACE MANAGEMENT & DIAGNOSTICS INC,"2001 WINDY TER, STE F, CEDAR PARK, TX 78613-4290",5127660159,staffing@ap-md.com,https://ap-md.com/,GH82HTHVNAA5,561320,"Small Business, Women-Owned Small Business, ","Sep 4, 2029","Sep 4, 2044","Connor Theisen
253-441-7042
connor.theisen@gsa.gov",,,,Contractor not found on the Excluded Parties List System,https://www.gsaadvantage.gov/ref_text/47QRAA24D00DD/47QRAA24D00DD_online.htm
"47QRCA24DV172
47QTCA19D00AQ","1 SOURCE CONSULTING, INC.
DBA: BUSINESS TECHNOLOGY INTEGRATORS","9500 MEDICAL CENTER DR STE 340, UPPER MARLBORO, MD 20774-3727",(301)916-0050,William.Teel@go-bti.com,http://www.go-bti.com/,EXEYN7TNGWH7,336611,"Small Business, Service Disabled Veteran Owned Small Business, SBA Certified Small Disadvantaged Business, ","Sep 29, 2029",,"Jeffrey Medina
817-201-2815
jeffrey.medina@gsa.gov",,,,Contractor not found on the Excluded Parties List System,https://www.gsaadvantage.gov/ref_text/47QTCA19D00AQ/47QTCA19D00AQ_online.htm
36F79724D0121,"AERO US, INC.","500 WEST MADISON STREET, SUITE 1150, CHICAGO, IL 60661",5163191522,angai@aerogen.com,https://aerogen.com/,GLXZHMUAE821,,"Small Business, ","May 14, 2029",,"PATRICK MCGEE
(708)786-5192
patrick.mcgee3@va.gov",,,,Contractor not found on the Excluded Parties List System,
47QTCA22D007R,"ANYTHINGIT, LLC.","2075 91ST ST STE 2, NORTH BERGEN, NJ 07047-6780",877-766-3050,daveb@anythingit.com,http://www.anythingit.com/,YCAFQE7K2BY6,541519,"Small Business, ","May 2, 2027","May 2, 2042","Matrese Newman
202-372-7169
matrese.newman@gsa.gov",,,,Contractor not found on the Excluded Parties List System,https://www.gsaadvantage.gov/ref_text/47QTCA22D007R/47QTCA22D007R_online.htm
"47QRCA25DSE21
47QTCB21D0296",1 SYNC PYRAMID LLC,"2770 BELL RD, STE 7, MONTGOMERY, AL 36117-6890",(334)202-1409,govt@1syncpyramid.com,,M58FN1ML81K7,336611,"Small Business, SBA Certified Small Disadvantaged Business, ","Apr 14, 2030",,"Charles Sykes
817-978-1888
charles.sykes@gsa.gov",,,,Contractor not found on the Excluded Parties List System,http://www.gsa.gov/stars3
GS-35F-423GA,AERO-GRAPHICS INC,"40 W OAKLAND AVE, SOUTH SALT LAKE, UT 84115-3007",801-487-3273,kfrancis@aero-graphics.com,http://www.aero-graphics.com/,EUC4ANPYLH66,541519,"Small Business, ","May 2, 2027","May 2, 2037","Amy Powell
817-239-2716
amy.powell@gsa.gov",,,,Contractor not found on the Excluded Parties List System,https://www.gsaadvantage.gov/ref_text/GS35F423GA/GS35F423GA_online.htm
47QTCA25D006F,ANZENA SYSTEMS LLC,"101 JEFFERSON DR STE 227B, MENLO PARK, CA 94025-1114",(650)622-5414,dmsnyder@anzenasystems.com,http://www.anzenasystems.com/,SXXGADSJWXF5,334111,"Small Business, ","Mar 11, 2030","Mar 11, 2045","Kelvin Aiken
202-969-7574
kelvin.aiken@gsa.gov",,,,Contractor not found on the Excluded Parties List System,
47QTCA18D00AR,1 SYNC TECHNOLOGIES LLC,"8150 OLD FEDERAL RD, MONTGOMERY, AL 36117-8007",334-219-3921,govt@1synctech.com,http://www.1synctech.com/,SHKSNU48JHZ7,541511,"Small Business, SBA Certified Small Disadvantaged Business, MAS 8(a) Pool- Competitive, MAS 8(a) Pool- Sole Source and Competitive (exit date: Dec 19, 2026), ","Apr 17, 2028","Apr 17, 2038","Monique Holeman
202-486-2768
monique.holeman@gsa.gov",,,,Contractor not found on the Excluded Parties List System,https://www.gsaadvantage.gov/ref_text/47QTCA18D00AR/47QTCA18D00AR_online.htm
"47QRAA20D0002
47QTCB21D0008","AEROBODIES FITNESS COMPANY, INC.","950 N WASHINGTON ST, SUITE 347, ALEXANDRIA, VA 22314-1534",703-820-0217,franb@aerobodies.com,http://www.aerobodies.com/,YLTRNDMMWM79,541611,"Small Business, Women-Owned Small Business, SBA-Certified Women-Owned Small Business, SBA-Certified Economically Disadvantaged Women-Owned Small Business, SBA Certified Small Disadvantaged Business, MAS 8(a) Pool- Competitive, MAS 8(a) Pool- Sole Source and Competitive (exit date: Oct 7, 2025), ","Oct 3, 2029","Oct 3, 2039","Melissa White
443-761-1705
melissa.white@gsa.gov",,,,Contractor not found on the Excluded Parties List System,https://www.gsaadvantage.gov/ref_text/47QRAA20D0002/47QRAA20D0002_online.htm
47QRCA25DS767,AOC APPLIED SOLUTIONS LLC,"12020 SUNRISE VALLEY DR STE 144, RESTON, VA 20191-3429",,dthomas@aocwins.com,,PW5TPCMYC1J3,541715,"Small Business, ","Dec 18, 2029",,"Jeffrey Medina
817-201-2815
jeffrey.medina@gsa.gov",,,,Contractor not found on the Excluded Parties List System,
"36F79719D0044
36F79719D0052","101 MOBILITY, LLC","5221 OLEANDER DRIVE, WILMINGTON, NC 28403",910-350-2755,mbaker@101mobility.com,http://101mobility.com/,JBPBLDUK4NV7,,"Other Than Small Business, ","Dec 31, 2028",,"BRIGHT OPPONG
(708)786-5854
bright.oppong@va.gov",,,,Contractor not found on the Excluded Parties List System,https://www.gsaadvantage.gov/ref_text/36F79719D0044/36F79719D0044_online.htm
47QSWA18D005A,AEROCLAVE LLC,"4001 FORSYTH RD, WINTER PARK, FL 32792-6833",407-960-7836,mquinoy@aeroclave.com,http://www.aeroclave.com/,RNSCB3JB1FB7,332999,"Small Business, SBA Certified Small Disadvantaged Business, ","May 31, 2028","May 31, 2038","Nakii Junior
816-926-7427
nakii.junior@gsa.gov",,,,Contractor not found on the Excluded Parties List System,https://www.gsaadvantage.gov/ref_text/47QSWA18D005A/47QSWA18D005A_online.htm
GS-35F-0826R,"AOC CONNECT, LLC","19955 HIGHLAND VISTA DR STE 175, ASHBURN, VA 20147-2699",7033455757,dthomas@aocconnect.com,http://www.aocconnect.com/,MN4TNLZQHK45,541519,"Small Business, ","Aug 30, 2025","Aug 30, 2025","Kelvin Aiken
202-969-7574
kelvin.aiken@gsa.gov",,,,Contractor not found on the Excluded Parties List System,https://www.gsaadvantage.gov/ref_text/GS35F0826R/GS35F0826R_online.htm
47QTCA23D00B1,1013 ENTERPRISE L.L.C.,"609 H ST NE STE 414, WASHINGTON, DC 20002-7184",2022853320,eseifu@1013enterprise.com,http://1013enterprise.com/,GJKBB1JMY481,541512,"Small Business, Women-Owned Small Business, SBA-Certified Women-Owned Small Business, SBA-Certified Economically Disadvantaged Women-Owned Small Business, SBA Certified Small Disadvantaged Business, ","Jul 10, 2028","Jul 10, 2043","Ontario Washington
202-969-7458
ontario.washington@gsa.gov",,,,Contractor not found on the Excluded Parties List System,https://www.gsaadvantage.gov/ref_text/47QTCA23D00B1/47QTCA23D00B1_online.htm
"47QRCA24DV341
47QRCA25DS132
47QRCA25DU641","AERODYNE INDUSTRIES, LLC
DBA: AERODYNE INDUSTRIES LLC","8910 ASTRONAUT BLVD STE 208, CAPE CANAVERAL, FL 32920-4424",(727)480-3188,aa@aerodyneindustries.com,http://www.aerodyneindustries.com/,KNQNM2J4BDW6,541715,"Small Business, Service Disabled Veteran Owned Small Business, ","Sep 29, 2029",,"Amanda Wesson
000-000-0000
amanda.wesson@gsa.gov",,,,Contractor not found on the Excluded Parties List System,
47QRAA20D005S,"AOC SOLUTIONS, INC","11350 RANDOM HILLS RD STE 400, FAIRFAX, VA 22030-7421",703-994-9940,AUDREY.MOLINARI@AOCSOLUTIONS.COM,http://www.aocsolutions.com/,DU4CLF8P4XL9,541219,"Small Business, Service Disabled Veteran Owned Small Business, SBA Certified Small Disadvantaged Business, ","Apr 20, 2030","Apr 20, 2040","Faye Webb
404-562-0594
faye.webb@gsa.gov",,,,Contractor not found on the Excluded Parties List System,https://www.gsaadvantage.gov/ref_text/47QRAA20D005S/47QRAA20D005S_online.htm
47QSEA20D003B,"10GFEDSUPPLY, LLC","19501 W CATAWBA AVE STE 270, CORNELIUS, NC 28031-4067",412-298-7055,pbollinger@10gfs.com,http://10gfedsupply.com/,EEZ3VAARSK96,322121,"Small Business, Service Disabled Veteran Owned Small Business, SBA Certified Small Disadvantaged Business, ","Jan 12, 2030","Jan 12, 2040","Marlene Teekell
850-247-2769
marlene.teekell@gsa.gov",,,,Contractor not found on the Excluded Parties List System,https://www.gsaadvantage.gov/ref_text/47QSEA20D003B/47QSEA20D003B_online.htm
47QSMS25D0077,AEROFORCE LOGISTICS LLC,"620 E VIENNA AVE, MILWAUKEE, WI 53212-1637",(414)944-0850,heatherv@aeroforcelogistics.com,http://www.aeroforcelogistics.com/,CJMMHN6BBMR7,335132,"Small Business, Women-Owned Small Business, SBA-Certified Women-Owned Small Business, SBA-Certified Economically Disadvantaged Women-Owned Small Business, Service Disabled Veteran Owned Small Business, SBA Certified Small Disadvantaged Business, MAS 8(a) Pool- Competitive, SBA Certified HUBZone Firm, ","Apr 8, 2030","Apr 8, 2045","Stanley G. Hutchinson
703-605-9228
stan.hutchinson@gsa.gov",,,,Contractor not found on the Excluded Parties List System,
47QRAA21D0072,"AON CONSULTING, INC.","2001 K ST NW STE 625N, WASHINGTON, DC 20006-1069",202-429-8593,leslie.austin@aon.com,http://www.aon.com/federal,SFE8M7RF4A37,541611,"Other Than Small Business, ","Jun 23, 2026","Jun 23, 2041","Tyease S. Fuller
253-561-8474
tyease.fuller@gsa.gov",,,,Contractor not found on the Excluded Parties List System,https://www.gsaadvantage.gov/ref_text/47QRAA21D0072/47QRAA21D0072_online.htm
47QTCA18D00H9,"10NOVATE, INC.","605 N LINCOLN ST, ARLINGTON, VA 22201-2308",571-228-6543,tricia.iveson@10novate.com,http://www.10novate.com/,ELHDQLWTSNB7,541511,"Small Business, Women-Owned Small Business, SBA-Certified Women-Owned Small Business, SBA-Certified Economically Disadvantaged Women-Owned Small Business, ","Aug 14, 2028","Aug 14, 2038","Andrew Vela
956-391-8856
andrew.vela@gsa.gov",,,,Contractor not found on the Excluded Parties List System,https://www.gsaadvantage.gov/ref_text/47QTCA18D00H9/47QTCA18D00H9_online.htm
47QSMS25D0010,"AERONIX, INC.","1775 W HIBISCUS BLVD, MELBOURNE, FL 32901-2620",321-984-1671,kcampbell@aeronix.com,http://www.aeronix.com/,JKV4JFYBJAW5,334511,"Small Business, ","Oct 29, 2029","Oct 29, 2044","Melanie Foster
302-657-9289
melanie.foster@gsa.gov",,,,Contractor not found on the Excluded Parties List System,https://www.gsaadvantage.gov/ref_text/47QSMS25D0010/47QSMS25D0010_online.htm
47QSEA23D0031,"AOPD, INC.","2101 SARDIS RD N STE 206B, CHARLOTTE, NC 28227-7711",630-761-0600,shelley@aopd.com,https://aopd.com/,L5LFDXVM82Y5,322230,"Small Business, HUBZone Joint Venture Eligible, ","Apr 13, 2028","Apr 13, 2043","Piotr Ulazka
212-577-8611
piotr.ulazka@gsa.gov",,,,Contractor not found on the Excluded Parties List System,https://www.gsaadvantage.gov/ref_text/47QSEA23D0031/47QSEA23D0031_online.htm
47QSWA21D001S,"11400, INC.","2551 HORSESHOE RD, LANCASTER, PA 17601-5939",7172080593,kmartin@11400llc.com,http://www.11400llc.com/,U9PKUDH7SPX6,333241,"Other Than Small Business, ","Jan 14, 2026","Jan 14, 2041","James Watkins
817-850-8194
james.watkins@gsa.gov",,,,Contractor not found on the Excluded Parties List System,https://www.gsaadvantage.gov/ref_text/47QSWA21D001S/47QSWA21D001S_online.htm
47QRAA19D0063,"AEROSOL MONITORING & ANALYSIS, INC.","1331 ASHTON RD STE A, HANOVER, MD 21076-3157",410-684-3327,twoerner@amaconsulting.com,http://www.amaconsulting.com/,MHLXKMT8AMJ3,541620,"Small Business, SBA Certified Small Disadvantaged Business, ","Mar 17, 2029","Mar 17, 2039","Zandria Pitts
202-969-7666
zandria.pitts@gsa.gov",,,,Contractor not found on the Excluded Parties List System,https://www.gsaadvantage.gov/ref_text/47QRAA19D0063/47QRAA19D0063_online.htm
36F79719D0186,"AOTI, INC.","3512 SEAGATE WAY, SUITE 100, OCEANSIDE, CA 92056",(760)431-4700,Mike.Griffiths@aotinc.net,http://www.aotinc.net/,MDP6B9JB2VB1,,"Small Business, ","Jun 14, 2029",,"ROBERTO RAMIREZ
(708)786-4988
roberto.ramirez@va.gov",,,,Contractor not found on the Excluded Parties List System,https://www.gsaadvantage.gov/ref_text/36F79719D0186/36F79719D0186_online.htm
"47QRCA24DV153
GS-10F-098CA
47QRCA25DS002",11TH HOUR SEARCH LLC,"3110 FAIRVIEW PARK DR, STE 1200, FALLS CHURCH, VA 22042-4503",(301)547-1782,alin@11thhourservice.com,http://www.11thhourservice.com/,MKTEN9W6B3J5,336611,"Small Business, Service Disabled Veteran Owned Small Business, ","Sep 29, 2029",,"Cassandra Allen
406-640-7940
cassandra.allen@gsa.gov",,,,Contractor not found on the Excluded Parties List System,https://www.gsaadvantage.gov/ref_text/GS10F098CA/GS10F098CA_online.htm
GS-00F-312DA,"AEROSPACE BUSINESS DEVELOPMENT ASSOCIATES, INC.","3100 PRESIDENTIAL DR, STE 200, FAIRBORN, OH 45324-7139",9373181640,lance.chenault@abdainc.com,http://abdainc.com/,VFDNTZK29MK2,541330,"Small Business, Veteran Owned Small Business, ","Sep 28, 2026","Sep 28, 2036","Trinity Fuller
202-969-5865
trinity.fuller@gsa.gov",,,,Contractor not found on the Excluded Parties List System,https://www.gsaadvantage.gov/ref_text/GS00F312DA/GS00F312DA_online.htm
47QTCB21D0177,"AP&O SOLUTIONS, LLC","613 NW LOOP 410 STE 200, SAN ANTONIO, TX 78216-5502",(205)317-0827,travisgriffin@optechs-inc.com,,J5VJSWUSE6A6,541512,"Small Business, Women-Owned Small Business, SBA-Certified Women-Owned Small Business, SBA Certified Small Disadvantaged Business, ","Jul 1, 2026",,"Jean E Fluevog
816-823-2660
jean.fluevog@gsa.gov",,,,Contractor not found on the Excluded Parties List System,http://www.gsa.gov/stars3
GS-07F-078GA,"17TH ST PHOTO SUPPLY, INC.","1168 WANTAGH AVE, WANTAGH, NY 11793-2110",516-500-3605,aj@17photo.com,https://www.17photo.com/,XH64RBKUYEK3,334220,"Small Business, Women-Owned Small Business, SBA-Certified Women-Owned Small Business, ","Feb 28, 2027","Feb 28, 2037","Georgette Destine
212-264-3541
georgette.destine@gsa.gov",,,,Contractor not found on the Excluded Parties List System,https://www.gsaadvantage.gov/ref_text/GS07F078GA/GS07F078GA_online.htm
47QRAA22D005H,AEROTECH MAPPING INC,"3285 N FORT APACHE RD # 110, LAS VEGAS, NV 89129-0200",520-561-6537,timburrows@atmlv.com,http://www.atmlv.com/,J34PH4CCSMJ4,541370,"Small Business, Women-Owned Small Business, SBA-Certified Women-Owned Small Business, SBA Certified Small Disadvantaged Business, ","Feb 13, 2027","Feb 13, 2042","Carlus Brown
404-215-6761
carlus.brown@gsa.gov",,,,Contractor not found on the Excluded Parties List System,https://www.gsaadvantage.gov/ref_text/47QRAA22D005H/47QRAA22D005H_online.htm
47QTCA24D003C,"APAL SOLUTIONS, LLC","449 WINCHESTER DR, CHAMBERSBURG, PA 17202-7013",7172296918,apallavaram@apalsolutions.net,https://www.apalsolutions.net/,GDK9S6QFADA6,541519,"Small Business, SBA Certified Small Disadvantaged Business, ","Dec 26, 2028","Dec 26, 2043","Matrese Newman
202-372-7169
matrese.newman@gsa.gov",,,,Contractor not found on the Excluded Parties List System,https://www.gsaadvantage.gov/ref_text/47QTCA24D003C/47QTCA24D003C_online.htm
"GS-35F-333DA
47QTCB22D0132","1800ADMIN, LLC","22522 WELBORNE MANOR SQ, ASHBURN, VA 20148-3144",7039890958,sammy@1800admin.com,http://www.1800admin.com/,KA22XCE5K4Y8,541511,"Small Business, SBA Certified Small Disadvantaged Business, MAS 8(a) Pool- Competitive, MAS 8(a) Pool- Sole Source and Competitive (exit date: Oct 16, 2025), ","Jun 1, 2026","Jun 1, 2036","Deborah M. McCray
703-605-2734
deborah.mccray@gsa.gov",,,,Contractor not found on the Excluded Parties List System,https://www.gsaadvantage.gov/ref_text/GS35F333DA/GS35F333DA_online.htm
47QRAA25D003S,"AERY AVIATION, LLC","1009 PROVIDENCE BLVD, NEWPORT NEWS, VA 23602-8701",757-761-2727,swalton@aeryaviation.com,http://www.aeryaviation.com/,N5XVKBBXW7L1,541715,"Small Business, ","Jan 14, 2030","Jan 14, 2045","Freddie Bellamy
202-969-7610
freddie.bellamy@gsa.gov",,,,Contractor not found on the Excluded Parties List System,https://www.gsaadvantage.gov/ref_text/47QRAA25D003S/47QRAA25D003S_online.htm
47QTCA23D00D5,"APAU, LLC","16414 TORTOLA DR, ACCOKEEK, MD 20607-3370",3017060583,e@mechanicode.io,https://mechanicode.io/,NB44QDCXVRK7,541511,"Small Business, SBA Certified Small Disadvantaged Business, MAS 8(a) Pool- Competitive, MAS 8(a) Pool- Sole Source and Competitive (exit date: May 1, 2033), ","Aug 23, 2028","Aug 23, 2043","August Mccarthy
202-839-7364
august.mccarthy@gsa.gov",,,,Contractor not found on the Excluded Parties List System,https://www.gsaadvantage.gov/ref_text/47QTCA23D00D5/47QTCA23D00D5_online.htm
47QRAA25D004Y,"1801 CONSULTING, LLC","23743 CLARKSMEADE DR., CLARKSBURG, MD 20871-4344",301-237-8731,juan@1801consulting.com,http://www.1801creates.com/,EFXSNRHGSXN5,541511,"Small Business, SBA Certified Small Disadvantaged Business, ","Feb 4, 2030","Feb 4, 2045","Tashonna Gordon
618-975-1016
tashonna.gordon@gsa.gov",,,,Contractor not found on the Excluded Parties List System,https://www.gsaadvantage.gov/ref_text/47QRAA25D004Y/47QRAA25D004Y_online.htm
GS-07F-0358V,AES CORPORATION,"285 NEWBURY ST, PEABODY, MA 01960-7469",978-535-7310,msherman@aes-corp.com,http://www.aes-security.com/,J3A6JX4KGN56,334290,"Small Business, ","Jun 7, 2029","Jun 7, 2029","Jonathan L. Woodcock
817-850-8373
jonathan.woodcock@gsa.gov",,,,Contractor not found on the Excluded Parties List System,https://www.gsaadvantage.gov/ref_text/GS07F0358V/GS07F0358V_online.htm
GS-30F-0015U,APC EQUIPMENT & MANUFACTURING INC,"7291 S FRANCES AVE, TUCSON, AZ 85756-9704",520-975-7464,kris@apcequipment.com,http://www.apcequipment.com/,DN78DG8PV1Q5,336212,"Small Business, ","Apr 7, 2028","Apr 7, 2028","Patti Fay
347-331-7950
patricia.fay@gsa.gov",,,,Contractor not found on the Excluded Parties List System,https://www.gsaadvantage.gov/ref_text/GS30F0015U/GS30F0015U_online.htm
GS-35F-0617W,"1901 GROUP, LLC","1750 PRESIDENTS ST, RESTON, VA 20190-5617",571-526-7840,Michael.L.Dinkins@leidos.com,http://www.1901group.com/,PTMRDGJPKHD5,541519,"Other Than Small Business, ","Sep 1, 2030","Sep 1, 2030","Kelvin Aiken
202-969-7574
kelvin.aiken@gsa.gov",,,,Contractor not found on the Excluded Parties List System,https://www.gsaadvantage.gov/ref_text/GS35F0617W/GS35F0617W_online.htm
47QRAA22D00DR,AES GROUP INC,"11031 S PIKES PEAK DR STE 202, PARKER, CO 80138-7360",303-841-3922,clbenson@aes-grp.com,http://www.aes-grp.com/,KXGTQ3BY1XB8,541330,"Small Business, Service Disabled Veteran Owned Small Business, ","Aug 17, 2027","Aug 17, 2042","Connor Theisen
253-441-7042
connor.theisen@gsa.gov",,,,Contractor not found on the Excluded Parties List System,https://www.gsaadvantage.gov/ref_text/47QRAA22D00DR/47QRAA22D00DR_online.htm
47QSMA19D08QA,"APCO GRAPHICS, INC.","388 GRANT ST SE, ATLANTA, GA 30312-2227",404-688-9000,gpearson@apcosigns.com,http://www.apcosigns.com/,LC62KRR8ERV9,339950,"Small Business, ","Jun 23, 2029","Jun 23, 2039","Steve Dacunha
215-446-4787
steve.dacunha@gsa.gov",,,,Contractor not found on the Excluded Parties List System,https://www.gsaadvantage.gov/ref_text/47QSMA19D08QA/47QSMA19D08QA_online.htm
47QTCA23D001U,1A1 INNOVATIONS LLC,"12901 GULF LN, UNIT 503, MADEIRA BEACH, FL 33708-2682",443-251-6216,SanthoshJ@1a1innovations.com,http://https//www.1a1innovations.com/,YHM7X54WSLT1,541512,"Small Business, SBA Certified Small Disadvantaged Business, ","Nov 22, 2027","Nov 22, 2042","Joseph Colwell
816-614-0918
joseph.colwell@gsa.gov",,,,Contractor not found on the Excluded Parties List System,https://www.gsaadvantage.gov/ref_text/47QTCA23D001U/47QTCA23D001U_online.htm
GS-07F-0421T,AES SYSTEMS INC,"1167 N 450 W, SPRINGVILLE, UT 84663-3044",8014913804,karlp@aessystems.com,http://www.aessystems.com/,JLKPWJFX65Z3,334512,"Small Business, ","May 31, 2027","May 31, 2027","Tiffany S. Jolly
817-585-2714
tiffany.jolly@gsa.gov",,,,Contractor not found on the Excluded Parties List System,https://www.gsaadvantage.gov/ref_text/GS07F0421T/GS07F0421T_online.htm
47QTCA21D0009,"APELON, INC.","75 SGT WILLIAM B TERRY DR, STE 2005, HINGHAM, MA 02043-1518",2034312530,accounting@apelon.com,http://www.apelon.com/,TKLNE7C6REW4,511210,"Small Business, ","Oct 4, 2025","Oct 4, 2040","Patricia Blaise
484-501-4666
patricia.blaise@gsa.gov",,,,Contractor not found on the Excluded Parties List System,https://www.gsaadvantage.gov/ref_text/47QTCA21D0009/47QTCA21D0009_online.htm
47QTCB22D0019,"1AGILE TECHNOLOGIES, LLC","60 COMMERCE ST STE 320, MONTGOMERY, AL 36104-3683",(334)532-3663,STARS3@1agiletech.com,http://www.1agiletech.com/,S4DHGCQ7FM94,541512,"Small Business, Women-Owned Small Business, SBA-Certified Women-Owned Small Business, SBA-Certified Economically Disadvantaged Women-Owned Small Business, SBA Certified Small Disadvantaged Business, ","Jul 1, 2026",,"Anthony D. Russell
913-415-4744
anthony.d.russell@gsa.gov",,,,Contractor not found on the Excluded Parties List System,http://www.gsa.gov/stars3
GS-35F-653GA,AESA CONSULTING LLC,"19875 EVERGREEN MILLS RD, LEESBURG, VA 20175-8740",(703)309-1750,aalexander@aesaconsulting.com,http://www.aesaconsulting.com/,LEUWY1TYUX43,541511,"Small Business, Women-Owned Small Business, SBA-Certified Women-Owned Small Business, SBA-Certified Economically Disadvantaged Women-Owned Small Business, SBA Certified Small Disadvantaged Business, ","Sep 6, 2027","Sep 6, 2037","Patricia Blaise
484-501-4666
patricia.blaise@gsa.gov",,,,Contractor not found on the Excluded Parties List System,
47QTCA20D00EY,"APERIA SOLUTIONS, INC.","14881 QUORUM DR, FL 6, DALLAS, TX 75254-6781",(888)302-0296,asisson@aperia.com,http://www.aperia.com/,JCTZTXCNX729,541511,"Small Business, ","Sep 13, 2025","Sep 13, 2040","Kelli Holmes
202-213-7345
kelli.holmes@gsa.gov",,,,Contractor not found on the Excluded Parties List System,
47QTCB22D0414,1ALPHASTARS3 LLC,"11756 PINDELL CHASE DR, FULTON, MD 20759-9704",(301)395-7347,rfloura@rjitsolutions.com,,HQ1MYMNEZ3L4,541512,"Small Business, SBA Certified Small Disadvantaged Business, ","Jul 1, 2026",,"Anthony D. Russell
913-415-4744
anthony.d.russell@gsa.gov",,,,Contractor not found on the Excluded Parties List System,http://www.gsa.gov/stars3
GS-35F-693GA,AET FEDERAL INC.,"8500 LEESBURG PIKE STE 207, VIENNA, VA 22182-2409",301-693-2923,kamro@aetfederal.com,http://www.aetfederal.com/,KNXFCJTZ4M36,541512,"Small Business, MAS 8(a) Pool- Competitive, MAS 8(a) Pool- Sole Source and Competitive (exit date: Jan 19, 2032), ","Sep 25, 2027","Sep 25, 2037","Aaron Williams
804-944-1938
aaron.williams@gsa.gov",,,,Contractor not found on the Excluded Parties List System,https://www.gsaadvantage.gov/ref_text/GS35F693GA/GS35F693GA_online.htm
47QTCA23D007Z,APERIO GLOBAL LLC,"11710 PLAZA AMERICA DR, STE 2000, RESTON, VA 20190-4743",571-464-0820,ebohrer@aperioglobal.com,http://www.aperioglobal.com/,EAXMYAR1KRA8,541511,"Small Business, SBA Certified Small Disadvantaged Business, MAS 8(a) Pool- Competitive, MAS 8(a) Pool- Sole Source and Competitive (exit date: Jun 22, 2031), ","May 3, 2028","May 3, 2043","Rosa Vega
728-218-5863
rosa.vega@gsa.gov",,,,Contractor not found on the Excluded Parties List System,https://www.gsaadvantage.gov/ref_text/47QTCA23D007Z/47QTCA23D007Z_online.htm
47QRAA24D007Y,"1BF GROUP, LLC","1806 WINSTON DR, HAGERSTOWN, MD 21740-6781",(202)495-2902,michault@sidemgroup.com,http://www.1bfgroup.com/,KB5AU3K4MTS5,561920,"Small Business, SBA Certified Small Disadvantaged Business, ","May 8, 2029","May 8, 2044","Denise Nenichka
202-969-7625
denise.nenichka@gsa.gov",,,,Contractor not found on the Excluded Parties List System,https://www.gsaadvantage.gov/ref_text/47QRAA24D007Y/47QRAA24D007Y_online.htm
47QTCA23D0081,AETOS LLC,"5310 STATICE HUNT, SAN ANTONIO, TX 78253-5623",210-687-7230,mnegrete@aetosllc.com,http://www.aetosllc.com/,FXEHYJUAZHA4,541511,"Small Business, Service Disabled Veteran Owned Small Business, SBA Certified Small Disadvantaged Business, ","May 3, 2028","May 3, 2043","Tiffany Spencer
404-526-3166
tiffany.spencer@gsa.gov",,,,Contractor not found on the Excluded Parties List System,https://www.gsaadvantage.gov/ref_text/47QTCA23D0081/47QTCA23D0081_online.htm
"47QRAA22D0029
47QRCA25DS782","APERTURE SOLUTIONS GROUP, INC.","1800 ALEXANDER BELL DR STE 100, RESTON, VA 20191-4385",404-277-9784,Cameron.raithel@aperturesg.com,http://www.aperturesg.com/,ZFVHNRDDJTP3,541611,"Small Business, Service Disabled Veteran Owned Small Business, SBA Certified Small Disadvantaged Business, ","Nov 16, 2026","Nov 16, 2041","Marie Porrazzo
253-561-8473
marie.porrazzo@gsa.gov",,,,Contractor not found on the Excluded Parties List System,https://www.gsaadvantage.gov/ref_text/47QRAA22D0029/47QRAA22D0029_online.htm
47QTCA22D009Q,1CLICKSECURITY LLC,"1650 KING STREET, STE 325, ALEXANDRIA, VA 22314-2747",(202)718-8860,lbryan@gsafederalsolutions.com,http://www.1clicksecurity.com/,KCDLYN52DE67,541511,"Small Business, Service Disabled Veteran Owned Small Business, SBA Certified Small Disadvantaged Business, MAS 8(a) Pool- Competitive, MAS 8(a) Pool- Sole Source and Competitive (exit date: Sep 20, 2026), ","Jun 16, 2027","Jun 16, 2042","Collin Farquhar
617-283-4650
collin.farquhar@gsa.gov",,,,Contractor not found on the Excluded Parties List System,
GS-35F-555GA,AETOS SYSTEMS INC,"1525 PERIMETER PKWY NW, STE 115, HUNTSVILLE, AL 35806-3575",256-509-3275,david.mcdonald@aetossystems.com,http://www.aetossystems.com/,KR22CJQRBMN1,541519,"Other Than Small Business, ","Jul 18, 2027","Jul 18, 2037","Isabelle Richards
617-416-7197
isabelle.richards@gsa.gov",,,,Contractor not found on the Excluded Parties List System,https://www.gsaadvantage.gov/ref_text/GS35F555GA/GS35F555GA_online.htm
"47QRAA22D0089
47QRCA25DS787
47QRCA24DV252","APEX ANALYTICS GROUP, INC.","205 S 5TH ST, LEAVENWORTH, KS 66048-2602",(913) 250-5588,jeff.from@apexanalyticsgroup.com,http://www.apexanalyticsgroup.com/,N52UGU9YKDD1,541690,"Small Business, Service Disabled Veteran Owned Small Business, ","Apr 11, 2027","Apr 11, 2042","Adrauna Kelley
253-931-7167
adrauna.kelley@gsa.gov",,,,Contractor not found on the Excluded Parties List System,https://www.gsaadvantage.gov/ref_text/47QRAA22D0089/47QRAA22D0089_online.htm
47QTCA22D003V,"1CYBERFORCE, LLC","950 HERNDON PKWY STE 410, HERNDON, VA 20170-5537",5714498815,krish@yakshna.com,http://www.1cyberforce.com/,FKW1ZBZ2PAC2,541511,"Small Business, Women-Owned Small Business, SBA-Certified Women-Owned Small Business, SBA-Certified Economically Disadvantaged Women-Owned Small Business, SBA Certified Small Disadvantaged Business, Women Owned Joint Venture Eligible, ","Jan 25, 2027","Jan 25, 2042","Alonte Williams
202-215-2694
alonte.williams@gsa.gov",,,,Contractor not found on the Excluded Parties List System,https://www.gsaadvantage.gov/ref_text/47QTCA22D003V/47QTCA22D003V_online.htm
47QTCB22D0553,AETOTECH LLC,"200 W SAHARA AVE, UNIT 601, LAS VEGAS, NV 89102-5098",(703)203-6884,nicole.felise@aetotech.net,http://www.aetotech.net/,YYL7YH8HUDJ5,541512,"Small Business, Women-Owned Small Business, SBA-Certified Women-Owned Small Business, SBA-Certified Economically Disadvantaged Women-Owned Small Business, SBA Certified Small Disadvantaged Business, SBA Certified 8(a) Firm, SBA Certified HUBZone Firm, ","Jul 1, 2026",,"Anthony D. Russell
913-415-4744
anthony.d.russell@gsa.gov",,,,Contractor not found on the Excluded Parties List System,http://www.gsa.gov/stars3
47QTCA24D00GD,APEX COLLABORATIVE TECHNOLOGIES LLC,"5520 RESEARCH PARK DRIVE, SUITE, BALTIMORE, MD 21228-4851",240-389-4194,keith@apexcollabtech.com,https://www.apexcollabtech.com/,ECHLPGB2X6V3,541519,"Small Business, Service Disabled Veteran Owned Small Business, Service Disabled Veteran Owned Joint Venture Eligible, HUBZone Joint Venture Eligible, ","Sep 22, 2029","Sep 22, 2044","chaquitiadcobbins
202-501-1808
chaquitia.cobbins@gsa.gov",,,,Contractor not found on the Excluded Parties List System,https://www.gsaadvantage.gov/ref_text/47QTCA24D00GD/47QTCA24D00GD_online.htm
47QREA21D000W,"1FORCE SECURE SOLUTIONS, LLC","1 CARDINAL RD STE 7, HILTON HEAD ISLAND, SC 29926-3780",770-286-0696,mburke@1force.com,http://www.1force.com/,ZJHVLF989SX6,561611,"Small Business, ","May 31, 2026","May 31, 2041","Khoung J. Chang
253-931-7916
khoung.chang@gsa.gov",,,,Contractor not found on the Excluded Parties List System,https://www.gsaadvantage.gov/ref_text/47QREA21D000W/47QREA21D000W_online.htm
36F79718D0552,"AETREX, INC","414 ALFRED AVENUE, TEANECK, NJ 07666",800-526-2739,aessig@aetrex.com,http://www.aetrex.com/,MY2JHE7MLEQ6,,"Small Business, ","Aug 14, 2028",,"AMY MARCHESE-ROSARIO
(708)786-5918
amy.marchese-rosario@va.gov",,,,Contractor not found on the Excluded Parties List System,https://www.gsaadvantage.gov/ref_text/36F79718D0552/36F79718D0552_online.htm
36F79725D0027,"APEX FOOT HEALTH INDUSTRIES, LLC","4825 EAST INGRAM STREET, MESA, AZ 85205",205-876-6824,troy.white@ohi.net,https://apexfoot.com/,SG6GVL279T46,,"Small Business, ","Dec 31, 2029",,"MICHAEL LOOP
(708)786-5153
michael.loop@va.gov",,,,Contractor not found on the Excluded Parties List System,https://www.gsaadvantage.gov/ref_text/36F79725D0027/36F79725D0027_online.htm
47QRAA24D00C6,"1PRO MEDIA INC., II","3810 SW 6TH AVE, CAPE CORAL, FL 33914-5313",8434331062,robert@itzmediagroup.com,http://www.1pro.com/,SBBSFEEGF2N9,512110,"Small Business, SBA Certified Small Disadvantaged Business, ","Aug 14, 2029","Aug 14, 2044","Alana Nweke
202-899-0837
alana.nweke@gsa.gov",,,,Contractor not found on the Excluded Parties List System,https://www.gsaadvantage.gov/ref_text/47QRAA24D00C6/47QRAA24D00C6_online.htm
47QRCA25DU700,"AEVEX AEROSPACE, LLC","440 STEVENS AVE STE 150, SOLANA BEACH, CA 92075-2058",(904)738-7190,wmiller@aevex.com,http://www.aevex.com/,LL8SH4DDJSK6,541350,"Other Than Small Business, ","Apr 14, 2030",,"Travia Thomas
817-850-8177
travia.thomas@gsa.gov",,,,Contractor not found on the Excluded Parties List System,
"47QTCA20D00B0
47QTCB21D0065",APEX INFINITE SOLUTIONS LLC,"8801 N MERIDIAN ST STE 209, INDIANAPOLIS, IN 46260-5315",317-974-0382,govt@aisllp.com,http://aisllp.com/,KCMLKQPCJ2K8,541512,"Small Business, SBA Certified Small Disadvantaged Business, MAS 8(a) Pool- Competitive, MAS 8(a) Pool- Sole Source and Competitive (exit date: Jul 30, 2029), ","Jun 7, 2025","Jun 7, 2040","Keith A. George
210-306-2349
keith.george@gsa.gov",,,,Contractor not found on the Excluded Parties List System,https://www.gsaadvantage.gov/ref_text/47QTCA20D00B0/47QTCA20D00B0_online.htm
"47QTCA20D00AW
47QTCB22D0453","1PROSPECT TECHNOLOGIES, LLC","3215 W STATE ST, STE 309A, MILWAUKEE, WI 53208-3364",210-714-1352,lorene.reeder@1prospect.com,http://www.1prospect.com/,GX2WMLVX8JH9,541512,"Small Business, Tribally Owned Firm, SBA Certified Small Disadvantaged Business, MAS 8(a) Pool- Competitive, ","Jun 4, 2025","Jun 4, 2040","Gail Smith
770-240-0603
gail.smith@gsa.gov",,,,Contractor not found on the Excluded Parties List System,https://www.gsaadvantage.gov/ref_text/47QTCA20D00AW/47QTCA20D00AW_online.htm
47QTCA25D0035,AEX DIGITAL LLC,"7315 WISCONSIN AVE, STE 900W, BETHESDA, MD 20814-3213",202-792-1171,contracts@aexdigital.net,https://aexdigital.net/,WGEHQ9KXXVJ6,541519,"Small Business, SBA Certified Small Disadvantaged Business, ","Dec 12, 2029","Dec 12, 2044","Kounthea Richards
202-357-5839
kounthea.richards@gsa.gov",,,,Contractor not found on the Excluded Parties List System,https://www.gsaadvantage.gov/ref_text/47QTCA25D0035/47QTCA25D0035_online.htm
36F79721D0118,"APEX INTEGRATED DISTRIBUTION, LL","2372 MORSE AVE., SUITE 162, IRVINE, CA 92614",714-481-0192,Chris.Hancock@Apexid.net,http://www.apexid.net/,JYL9EM912YK7,,"Small Business, Service Disabled Veteran Owned Small Business, ","Feb 28, 2026",,"GABRIELA WILLIAMS
(708)786-4970
gabriela.williams@va.gov",,,,Contractor not found on the Excluded Parties List System,https://www.gsaadvantage.gov/ref_text/36F79721D0118/36F79721D0118_online.htm
GS-10F-0291U,1SPATIAL INC,"8614 WESTWOOD CENTER DR STE 350, VIENNA, VA 22182-2268",5126945416,jennifer.whitney@1spatial.com,http://1spatial.com/,HJZQJHWNMJM3,541620,"Other Than Small Business, ","Jul 17, 2028","Jul 17, 2028","Tyease S. Fuller
253-561-8474
tyease.fuller@gsa.gov",,,,Contractor not found on the Excluded Parties List System,https://www.gsaadvantage.gov/ref_text/GS10F0291U/GS10F0291U_online.htm
"47QRCA25DU009
47QTCA20D00AN",AEYON LLC,"8618 WESTWOOD CENTER DR STE 240, VIENNA, VA 22182-2222",(301)213-6349,wsstapleton@aeyon.us,,DHBKJ6ECNAK4,541350,"Other Than Small Business, ","Dec 5, 2029",,"Trisha Brinton
448-202-2057
trisha.brinton@gsa.gov",,,,Contractor not found on the Excluded Parties List System,https://www.gsaadvantage.gov/ref_text/47QTCA20D00AN/47QTCA20D00AN_online.htm
47QTCA22D00A2,APEX LOGIC INC,"885 TAHOE BLVD STE 9, INCLINE VILLAGE, NV 89451-9408",3015261043,mike.vaidya@apexlogic.com,http://www.apexlogic.com/,N1FXKRFNDN37,541511,"Small Business, ","Jun 28, 2027","Jun 28, 2042","August Mccarthy
202-839-7364
august.mccarthy@gsa.gov",,,,Contractor not found on the Excluded Parties List System,https://www.gsaadvantage.gov/ref_text/47QTCA22D00A2/47QTCA22D00A2_online.htm
GS-35F-106AA,1ST ALL FILE RECOVERY USA INC,"3570 WARRENSVILLE CENTER RD STE, SHAKER HEIGHTS, OH 44122-5210",800-882-7172,GSA@DATARETRIEVAL.COM,http://www.dataretrieval.com/,RJ49FLY8EUH5,541519,"Small Business, ","Dec 14, 2027","Dec 14, 2032","Jordan Trujillo
760-681-9409
jordan.trujillo@gsa.gov",,,,Contractor not found on the Excluded Parties List System,https://www.gsaadvantage.gov/ref_text/GS35F106AA/GS35F106AA_online.htm
47QRAA24D000X,"AF 1 PROTECTIVE AGENCY, INC.","55 WESTON RD STE 208, WESTON, FL 33326-1170",(954)645-2643,jacques@af1protectiveagency.com,https://www.af1protectiveagency.com/,YA4ETCVTYN93,541611,"Small Business, SBA Certified Small Disadvantaged Business, ","Nov 8, 2028","Nov 8, 2043","Phyllis Maben
303-236-1366
phyllis.maben@gsa.gov",,,,Contractor not found on the Excluded Parties List System,https://www.gsaadvantage.gov/ref_text/47QRAA24D000X/47QRAA24D000X_online.htm
47QSWA22D0005,APEX MODULAR GROUP LLC,"4626 STOCKPORT CIR, DUBLIN, OH 43016-8290",469-715-7693,joe@apexmodulargroup.com,http://www.apexmodulargroup.com/,QQ3MLMMGD235,532490,"Small Business, ","Oct 5, 2026","Oct 5, 2041","Tanika Carroll
817-978-0430
tanika.carroll@gsa.gov",,,,Contractor not found on the Excluded Parties List System,https://www.gsaadvantage.gov/ref_text/47QSWA22D0005/47QSWA22D0005_online.htm
36F79722D0024,1ST AMERICAN MEDICAL DISTRIBUTOR,"151 HERITAGE PARK DRIVE, SUITE 201, MURFREESBORO, TN 37129",6159041263,bryce@1st-amd.com,http://www.1st-amd.com/,NG4FRBLDG6V1,,"Small Business, Service Disabled Veteran Owned Small Business, ","Nov 30, 2026",,"MONICA THOMPSON
(708)786-7737
monica.thompson@va.gov",,,,Contractor not found on the Excluded Parties List System,https://www.gsaadvantage.gov/ref_text/36F79722D0024/36F79722D0024_online.htm
GS-07F-0514T,"AF&S PRODUCTS & SERVICES, INC.","350 10TH AVE STE 1000 UNIT 1024, SAN DIEGO, CA 92101-8705",619-787-3302,lisa@afsproductsinc.com,http://www.atafs.com/,K9AXYA6KSFG7,325998,"Small Business, Service Disabled Veteran Owned Small Business, ","Aug 14, 2027","Aug 14, 2027","James Watkins
817-850-8194
james.watkins@gsa.gov",,,,Contractor not found on the Excluded Parties List System,https://www.gsaadvantage.gov/ref_text/GS07F0514T/GS07F0514T_online.htm
GS-35F-070GA,APEXTECH LLC,"109 BIRDIE DR, THE HILLS, TX 78738-1347",571-228-0949,sferraro@apextechllc.com,http://www.apextechllc.com/,RPTEMPHBWFB5,541512,"Small Business, ","Nov 13, 2026","Nov 13, 2036","Christina Graham
202-215-5190
christina.graham@gsa.gov",,,,Contractor not found on the Excluded Parties List System,https://www.gsaadvantage.gov/ref_text/GS35F070GA/GS35F070GA_online.htm
47QTCB21D0336,"1ST CHOICE TANDEM, LLC","222 CATOCTIN CIR SE, SUITE 132, LEESBURG, VA 20175-3730",(703)517-5194,lowens@lbotech.com,,JGMVL8T569K4,541512,"Small Business, SBA Certified Small Disadvantaged Business, SBA Certified 8(a) Firm, ","Jul 1, 2026",,"Jean E Fluevog
816-823-2660
jean.fluevog@gsa.gov",,,,Contractor not found on the Excluded Parties List System,http://www.gsa.gov/stars3
GS-21F-021BA,AFA PROTECTIVE SYSTEMS INC,"155, MICHAEL DRIVE, SYOSSET, NY 11791-5310",617-772-5900,mslattery@afap.com,http://www.afap.com/,LLNPJMXXCFP6,561210,"Other Than Small Business, ","Nov 24, 2028","Nov 24, 2033","Leanne K Chumley
251-284-6957
leanne.chumley@gsa.gov",,,,Contractor not found on the Excluded Parties List System,https://www.gsaadvantage.gov/ref_text/GS21F021BA/GS21F021BA_online.htm
GS-07F-0354U,APEXX SALES INC.,"1744B ROOSTERVILLE RD, ROOPVILLE, GA 30170-3371",770-214-2798,cousins@apexxgear.com,http://www.apexxgear.com/,XHEGGGYUBAA6,339113,"Small Business, Service Disabled Veteran Owned Small Business, SBA Certified Small Disadvantaged Business, ","May 14, 2028","May 14, 2028","Kerron Higgins
302-559-3733
kerron.higgins@gsa.gov",,,,Contractor not found on the Excluded Parties List System,https://www.gsaadvantage.gov/ref_text/GS07F0354U/GS07F0354U_online.htm
"47QRAA24D004L
47QRAA24D004M","1ST CHOICE, LLC","8121 GEORGIA AVE STE 203, SILVER SPRING, MD 20910-4933",240-331-5504,mbell@1stchoicegov.com,http://www.1stchoicegov.com/,J9MWJJM9HNQ4,561320,"Small Business, Women-Owned Small Business, SBA-Certified Women-Owned Small Business, SBA-Certified Economically Disadvantaged Women-Owned Small Business, SBA Certified Small Disadvantaged Business, ","Mar 4, 2029","Mar 4, 2044","Quanasia Frost
212-264-1780
quanasia.frost@gsa.gov",,,,Contractor not found on the Excluded Parties List System,https://www.gsaadvantage.gov/ref_text/47QRAA24D004L/47QRAA24D004L_online.htm
GS-10F-0239Y,"AFAF TRANSLATIONS, LLC","15655 LIBERTY ST, ASHLAND, CA 94578-1982",510-684-4586,afaf@afaftranslations.com,https://afaftranslations.com/,LV11KLAE5PN7,541930,"Small Business, Women-Owned Small Business, SBA-Certified Women-Owned Small Business, ","Mar 21, 2027","Mar 21, 2032","Carlus Brown
404-215-6761
carlus.brown@gsa.gov",,,,Contractor not found on the Excluded Parties List System,https://www.gsaadvantage.gov/ref_text/GS10F0239Y/GS10F0239Y_online.htm
"47QTCA24D001U
47QTCB21D0009",APF TECHNOLOGY LLC,"5921 VERANDA DR, SPRINGFIELD, VA 22152-1416",571-217-7960,hpark@apogsc.com,http://www.apf-tech.com/,QNYRK1JSSPL7,541519,"Small Business, Women-Owned Small Business, SBA-Certified Women-Owned Small Business, Service Disabled Veteran Owned Small Business, SBA Certified Small Disadvantaged Business, Women Owned Joint Venture Eligible, ","Nov 15, 2028","Nov 15, 2043","Sarah Harris
703-306-6490
sarah.harris@gsa.gov",,,,Contractor not found on the Excluded Parties List System,https://www.gsaadvantage.gov/ref_text/47QTCA24D001U/47QTCA24D001U_online.htm
47QTCB22D0517,1ST SBC SOLUTIONS LLC,"722 E MARKET ST, STE 102, LEESBURG, VA 20176-4475",(703)232-1712,mdcoll@1stsbcsolutions.com,,QEMZECTBE133,541512,"Small Business, Women-Owned Small Business, SBA-Certified Women-Owned Small Business, SBA-Certified Economically Disadvantaged Women-Owned Small Business, Service Disabled Veteran Owned Small Business, SBA Certified Small Disadvantaged Business, SBA Certified 8(a) Firm, ","Jul 1, 2026",,"Anthony D. Russell
913-415-4744
anthony.d.russell@gsa.gov",,,,Contractor not found on the Excluded Parties List System,http://www.gsa.gov/stars3
"GS-35F-0364S
47QTCA25D008E",AFCO LLC,"400 50TH ST, WASHINGTON, DC 20019",(202) 236-9400,info@afcoglobal.com,http://www.afcoglobal.com/,N8PLK963HLC9,541519,"Small Business, Women-Owned Small Business, Service Disabled Veteran Owned Small Business, SBA Certified Small Disadvantaged Business, ","Apr 13, 2026","Apr 13, 2026","Rosa Vega
728-218-5863
rosa.vega@gsa.gov",,,,Contractor not found on the Excluded Parties List System,https://www.gsaadvantage.gov/ref_text/GS35F0364S/GS35F0364S_online.htm
47QSWA23D006H,"APG SOUTHWEST, LLC","3443 N CENTRAL AVE STE 1010, PHOENIX, AZ 85012-2230",6023688911,qq@coveysecurity.com,http://www.coveysecurity.com/,TKSJHE25HUE5,561612,"Small Business, ","May 31, 2028","May 31, 2043","Ronald Thompson
817-850-8135
ronald.thompson@gsa.gov",,,,Contractor not found on the Excluded Parties List System,https://www.gsaadvantage.gov/ref_text/47QSWA23D006H/47QSWA23D006H_online.htm
47QTCB22D0093,"1STARJV, LLC","7737 ISLAND CREEK CT, ALEXANDRIA, VA 22315-5926",(703)582-3932,JV@1STARjv.com,,K38CY8ED5873,541512,"Small Business, SBA Certified Small Disadvantaged Business, SBA Certified 8(a) Firm, ","Jul 1, 2026",,"Anthony D. Russell
913-415-4744
anthony.d.russell@gsa.gov",,,,Contractor not found on the Excluded Parties List System,http://www.gsa.gov/stars3
GS-35F-0509S,"AFFIGENT, LLC","2553 DULLES VIEW DR STE 700, HERNDON, VA 20171-5228",571-353-6529,danielle.blakesley@akima.com,https://www.akima.com/opcos/affigent/,M46UYYHVH4B1,541519,"Small Business, Tribally Owned Firm, Alaskan Native Corporation Owned Firm, SBA Certified Small Disadvantaged Business, ","Jun 29, 2026","Jun 29, 2026","Aisha Bhatti
202-207-6704
aisha.bhatti@gsa.gov",,,,Contractor not found on the Excluded Parties List System,https://www.gsaadvantage.gov/ref_text/GS35F0509S/GS35F0509S_online.htm
GS-21F-0060W,"API NATIONAL SERVICE GROUP, INC.","1200 OLD HIGHWAY 8 NW, NEW BRIGHTON, MN 55112-1567",651-925-8525,GSA@API-NSG.US,https://www.api-nsg.com/,D437FL3TMAA9,561621,"Other Than Small Business, ","Jan 7, 2030","Jan 7, 2030","Matthew Shinn
448-777-5360
matthew.shinn@gsa.gov",,,,Contractor not found on the Excluded Parties List System,https://www.gsaadvantage.gov/ref_text/GS21F0060W/GS21F0060W_online.htm
"47QRCA24DV236
47QRCA25DS035","1TECHJV, LLC","14000 CROWN CT. SUITE 206, WOODBRIDGE, VA 22193-1471",,bill.lytle@techanax.com,,PP15SAJH2BZ8,336611,"Small Business, Service Disabled Veteran Owned Small Business, ","Sep 29, 2029",,"Brian Migut
810-333-2675
brian.migut@gsa.gov",,,,Contractor not found on the Excluded Parties List System,
47QTCA18D00C7,AFFINITECH INC,"1264 PARK RD, CHANHASSEN, MN 55317-9260",952 697-2108,online@affinitechinc.com,http://www.affinitechinc.com/,H18HH93Y2NH3,334290,"Small Business, ","May 14, 2028","May 14, 2038","Joseph Colwell
816-614-0918
joseph.colwell@gsa.gov",,,,Contractor not found on the Excluded Parties List System,https://www.gsaadvantage.gov/ref_text/47QTCA18D00C7/47QTCA18D00C7_online.htm
47QSWA19D008R,"APIC SOLUTIONS, LLC","5550 MIDWAY PARK PL NE, ALBUQUERQUE, NM 87109-5800",(505)900-4974,gsa@apicnm.com,http://www.apicnm.com/,GHAHJY6LLNU8,541330,"Small Business, SBA Certified Small Disadvantaged Business, ","Jul 9, 2029","Jul 9, 2039","Theodore Stevenson
206-304-0097
theodore.stevenson@gsa.gov",,,,Contractor not found on the Excluded Parties List System,
47QTCB22D0285,2 TWELVE SOLUTIONS LLC,"1780 BUSINESS CENTER DR, RESTON, VA 20190-5318",(202)294-4222,lloyd@2twelvesolutions.com,http://www.2twelvesolutions.com/,HZYNSL4JCKF5,541512,"Small Business, Service Disabled Veteran Owned Small Business, SBA Certified Small Disadvantaged Business, SBA Certified 8(a) Firm, ","Jul 1, 2026",,"Anthony D. Russell
913-415-4744
anthony.d.russell@gsa.gov",,,,Contractor not found on the Excluded Parties List System,http://www.gsa.gov/stars3
47QTCA20D0043,AFFINITY INNOVATIONS LLC,"7550 TEAGUE RD, STE 200, HANOVER, MD 21076-2167",703-224-1000,maureen.soldano@bylight.com,http://www.affinityinnovations.com/,ENXMTB69RKJ7,541512,"Small Business, Women-Owned Small Business, SBA-Certified Women-Owned Small Business, SBA-Certified Economically Disadvantaged Women-Owned Small Business, SBA Certified Small Disadvantaged Business, Women Owned Joint Venture Eligible, ","Jan 5, 2030","Jan 5, 2040","Dolores Thompson
617-565-7629
dolores.thompson@gsa.gov",,,,Contractor not found on the Excluded Parties List System,https://www.gsaadvantage.gov/ref_text/47QTCA20D0043/47QTCA20D0043_online.htm
GS-03F-060AA,APISOURCE INC,"7850 WALKER DR, STE 400, GREENBELT, MD 20770-3234",301-731-6100,cindy.brown@apisource.com,http://www.apisource.com/,WRP8YMC95575,423910,"Small Business, Women-Owned Small Business, ","Mar 31, 2028","Mar 31, 2033","Angela M. Green
703-605-0549
angela.green@gsa.gov",,,,Contractor not found on the Excluded Parties List System,https://www.gsaadvantage.gov/ref_text/GS03F060AA/GS03F060AA_online.htm
47QRAA23D007C,"20-20 CAPTIONING & STENOCART, INC.","3702 CHASE COURT, NEWTOWN SQUARE, PA 19073-4446",800-870-1795,chris@2020captioning.com,http://www.2020captioning.com/,RD1ULTBMQR49,541930,"Small Business, Women-Owned Small Business, SBA-Certified Women-Owned Small Business, ","Jun 7, 2028","Jun 7, 2043","Marlon Clay
210-429-3690
marlon.clay@gsa.gov",,,,Contractor not found on the Excluded Parties List System,https://www.gsaadvantage.gov/ref_text/47QRAA23D007C/47QRAA23D007C_online.htm
47QTCA21D00EE,AFFINITY IT LIMITED LIABILITY COMPANY,"1243 SUSSEX TURNPIKE STE 1, STE 1, RANDOLPH, NJ 07869-2997",973-895-5777,joe@affinity-it.com,http://www.affinity-it.com/,FG41NC789VY6,541519,"Small Business, ","Sep 1, 2026","Sep 1, 2041","Devone R. Brown
703-605-3172
devone.brown@gsa.gov",,,,Contractor not found on the Excluded Parties List System,https://www.gsaadvantage.gov/ref_text/47QTCA21D00EE/47QTCA21D00EE_online.htm
GS-07F-0017V,"APL ACCESS & SECURITY, INC.","115 S WILLIAM DILLARD DR, GILBERT, AZ 85233-5525",480-497-9471,enrique@aplsecurity.com,https://www.aplsecurity.com/,CENDVN52EDB7,334512,"Small Business, ","Sep 30, 2028","Sep 30, 2028","Joseph Richardson Jr.
215-850-0076
joseph.richardson@gsa.gov",,,,Contractor not found on the Excluded Parties List System,https://www.gsaadvantage.gov/ref_text/GS07F0017V/GS07F0017V_online.htm
47QSMS24D000H,20/20 INSPECTIONS INC,"1342 38TH ST, BROOKLYN, NY 11218-3612",(718)854-2867,suriw@2020inspections.com,http://www.2020inspections.com/,GWTWSVJTDPC4,541380,"Small Business, ","Nov 15, 2028","Nov 15, 2043","Ronald Thompson
817-850-8135
ronald.thompson@gsa.gov",,,,Contractor not found on the Excluded Parties List System,
47QTCA24D006F,"AFFIRMA, LLC","3380 146TH PL SE STE 100, BELLEVUE, WA 98007-6472",512-496-5168,cmawhorter@affirma.com,https://www.affirma.com/,GRQ4XLHA37H7,541519,"Other Than Small Business, ","Mar 13, 2029","Mar 13, 2044","Christina Graham
202-215-5190
christina.graham@gsa.gov",,,,Contractor not found on the Excluded Parties List System,https://www.gsaadvantage.gov/ref_text/47QTCA24D006F/47QTCA24D006F_online.htm
36F79722D0039,APL SALES I LLC,"100 5TH AVE, 3RD FLOOR, WALTHAM, MA 02451-8727",617-420-4824,michelle.cerruti@apellis.com,https://apellis.com/,XXKJSCZRL266,,"Small Business, ","Dec 14, 2026",,"ELIZABETH GREEN
(708) 786-5919
elizabeth.green7@va.gov",,,,Contractor not found on the Excluded Parties List System,
"47QRCA24DW154
47QRCA25DS036","2050 TECHNOLOGY LLC
DBA: 2050 TECHNOLOGY LLC","11342 DECATUR CT, WESTMINSTER, CO 80234-2688",,jessica.hagood@inodeink.com,,V6M5JFNCB1X6,336611,"Small Business, Women-Owned Small Business, SBA-Certified Women-Owned Small Business, ","Sep 29, 2029",,"Charnita Guy
682-263-9003
charnita.guy@gsa.gov",,,,Contractor not found on the Excluded Parties List System,
36F79722D0022,"AFFIRMATIVE SOLUTIONS, LLC","209 E 20TH ST, CHEYENNE, WY 82001",7043092598,ssmith@affirmativesolutions.org,http://www.affirmativesolutions.org/,DNV7E1GBTDW7,,"Small Business, Service Disabled Veteran Owned Small Business, ","Nov 30, 2026",,"KARA BAKER
(708)786-3736
kara.baker@va.gov",,,,Contractor not found on the Excluded Parties List System,https://www.gsaadvantage.gov/ref_text/36F79722D0022/36F79722D0022_online.htm
47QTCB22D0004,APLNGEN LLC,"4640 FORBES BLVD STE 100, LANHAM, MD 20706-6319",(301)518-5320,alverta@aplsolutionsonline.com,,P6K9QKLYLRR5,541512,"Small Business, Women-Owned Small Business, SBA-Certified Women-Owned Small Business, SBA-Certified Economically Disadvantaged Women-Owned Small Business, SBA Certified Small Disadvantaged Business, SBA Certified 8(a) Firm, ","Jul 1, 2026",,"Anthony D. Russell
913-415-4744
anthony.d.russell@gsa.gov",,,,Contractor not found on the Excluded Parties List System,http://www.gsa.gov/stars3
47QMCA23D000T,2101 LLC,"78 GOLD ST, ANACONDA, MT 59711-9017",4067977902,seanj@itbusa.com,https://www.itbusa.com/,NFVPVM21BYC5,333924,"Small Business, SBA Certified HUBZone Firm, ","Apr 10, 2028","Apr 10, 2043","George A. Anderson
703-605-9026
george.anderson@gsa.gov",,,,Contractor not found on the Excluded Parties List System,https://www.gsaadvantage.gov/ref_text/47QMCA23D000T/47QMCA23D000T_online.htm
"47QRCA24DV237
47QRCA25DS136",AFFIX DIGITAL LLC,"1200 18TH ST NW STE 700, WASHINGTON, DC 20036-2531",,legal@affixdigital.io,https://affixdigital.io/,RFT3JQGBKPS7,336611,"Small Business, Service Disabled Veteran Owned Small Business, SBA Certified Small Disadvantaged Business, SBA Certified 8(a) Firm, ","Sep 29, 2029",,"Chloe Weber
817-223-9563
chloe.weber@gsa.gov",,,,Contractor not found on the Excluded Parties List System,
GS-33F-0057X,APMI GROUP INC,"716 SWAN CREEK RD, FORT WASHINGTON, MD 20744-6001",240-318-0057,tolsontyrone@apmigroupinc.com,http://www.apmigroupinc.com/,WJ3REHAEYWC1,484210,"Small Business, Women-Owned Small Business, SBA Certified Small Disadvantaged Business, ","Aug 22, 2026","Aug 22, 2031","Raquel Orelowitz
267-292-7026
raquel.orelowitz@gsa.gov",,,,Contractor not found on the Excluded Parties List System,https://www.gsaadvantage.gov/ref_text/GS33F0057X/GS33F0057X_online.htm
47QRAA22D008Q,21ST CENTURY EXPO GROUP INC,"1000 HAMPTON PARK BLVD, CAPITOL HEIGHTS, MD 20743-4938",(301)386-9771,lmcfarland@21stceg.com,http://www.21stceg.com/,K2H2JHBA45S4,561920,"Small Business, Women-Owned Small Business, ","Apr 21, 2027","Apr 21, 2042","Oscar Nieves
404-215-6760
oscar.nieves@gsa.gov",,,,Contractor not found on the Excluded Parties List System,
47QSMA20D08Q4,"AFFORDABLE INTERIOR SYSTEMS, INC.","25 TUCKER DR, LEOMINSTER, MA 01453-6501",978-567-5163,hwoods@ais-inc.com,http://www.ais-inc.com/,MQCPNWJU8NW5,337214,"Small Business, ","Jun 30, 2025","Apr 29, 2040","Naomi H Olenchyk
215-446-5800
naomi.olenchyk@gsa.gov",,,,Contractor not found on the Excluded Parties List System,https://www.gsaadvantage.gov/ref_text/47QSMA20D08Q4/47QSMA20D08Q4_online.htm
36F79722D0122,"APN HEALTHCARE, INC.","320 W. HEFNER ROAD, OKLAHOMA CITY, OK 73114",405-418-8500,rnoon@apnhealthcare.com,http://www.apnhealthcare.com/,UGH2NYLN2ZH2,,"Small Business, ","Jun 30, 2027",,"KARA BAKER
(708)786-3736
kara.baker@va.gov",,,,Contractor not found on the Excluded Parties List System,https://www.gsaadvantage.gov/ref_text/36F79722D0122/36F79722D0122_online.htm
V797D-70064,"21ST CENTURY SCIENTIFIC, INC.","4931 N. MANUFACTURING WAY, COEUR D'ALENE, ID 83815",208 667-8800,rdd@wheelchairs.com,http://www.wheelchairs.com/,WUWDM912WKE7,,"Small Business, ","Feb 14, 2027",,"PAUL ONDRACEK
(708)786-4922
paul.ondracek@va.gov",,,,Contractor not found on the Excluded Parties List System,https://www.gsaadvantage.gov/ref_text/V797D70064/V797D70064_online.htm
"47QRAA20D009J
47QRCA25DS138
47QRCA24DW021",AFG GROUP INC.,"950 HERNDON PKWY, STE 200, HERNDON, VA 20170-5548",703-435-0029,coconnor@afgcm.com,http://www.afgcm.com/,JQ6WC2EM82Q3,541330,"Small Business, Women-Owned Small Business, SBA-Certified Women-Owned Small Business, ","Sep 30, 2030","Sep 30, 2040","Anita Sampson
202-969-7516
anita.sampson@gsa.gov",,,,Contractor not found on the Excluded Parties List System,https://www.gsaadvantage.gov/ref_text/47QRAA20D009J/47QRAA20D009J_online.htm
36F79721D0186,"APNAR PHARMA, LP","4820 LANIER RD., CHINO, CA 92710",844-283-9825,twinkle.patel@apnarpharma.com,http://www.apnarpharma.com/,G4FCZCCKHKK7,,"Small Business, SBA Certified Small Disadvantaged Business, ","Jun 14, 2026",,"ANDREW SHERN
(708)786-3732
andrew.shern@va.gov",,,,Contractor not found on the Excluded Parties List System,
47QTCA18D00KW,"21ST CENTURY TECHNOLOGIES, INC.","146 N HOLLIDAY ST, STRASBURG, VA 22657-3340",9732708463,skey@21ctsolutions.com,http://www.21ctsolutions.com/,X3K5G1GE46Y9,541511,"Small Business, ","Sep 19, 2028","Sep 19, 2038","Christine M Brown
404-215-6892
christinem.brown@gsa.gov",,,,Contractor not found on the Excluded Parties List System,https://www.gsaadvantage.gov/ref_text/47QTCA18D00KW/47QTCA18D00KW_online.htm
47QTCA20D007E,AFGLOBE COMMUNICATIONS INC.,"950 HERNDON PKWY, STE 140, HERNDON, VA 20170-5526",703-766-4070,pfurness@acisolutions.net,http://www.acisolutions.net/,GU18H9NSVDD5,541512,"Small Business, Women-Owned Small Business, SBA-Certified Women-Owned Small Business, SBA Certified Small Disadvantaged Business, ","Mar 17, 2030","Mar 17, 2040","Ashley Stewart
919-223-6271
ashley.stewart@gsa.gov",,,,Contractor not found on the Excluded Parties List System,https://www.gsaadvantage.gov/ref_text/47QTCA20D007E/47QTCA20D007E_online.htm
47QSWA22D007C,APOD GROUP LLC,"1910 PACIFIC AVE STE 12000, DALLAS, TX 76117",(240)776-6208,govsales@apodgroup.com,http://www.apodgroup.com/,JJ44TMDJA4J4,561612,"Small Business, Service Disabled Veteran Owned Small Business, SBA Certified Small Disadvantaged Business, ","Aug 3, 2027","Aug 3, 2042","Katherine Jang
817-978-4440
katherine.jang@gsa.gov",,,,Contractor not found on the Excluded Parties List System,
"GS-35F-0579T
47QTCA24D002S
47QRCA25DU640","22ND CENTURY TECHNOLOGIES, INC.","8251 GREENSBORO DR, STE 900, MCLEAN, VA 22102-4938",7032068443,proposal@tscti.com,http://www.tscti.com/,QT2VZ9L1VPQ1,541519,"Other Than Small Business, ","Aug 5, 2027","Aug 5, 2027","Lance Leverton
771-245-4237
lance.leverton@gsa.gov",,,,Contractor not found on the Excluded Parties List System,https://www.gsaadvantage.gov/ref_text/GS35F0579T/GS35F0579T_online.htm
36F79720D0167,"AFILY8 GOVERNMENT SOLUTIONS, LLC","14516 NW 296TH STREET, OKEECHOBEE, FL 34972",3058963236,JFRANTZ@WESENDFAST.COM,http://afily8.com/,M2C4Z6GQVP11,,"Small Business, Veteran Owned Small Business, ","Jul 31, 2025",,"LAURA WIEBE
(708)786-4196
laura.wiebe@va.gov",,,,Contractor not found on the Excluded Parties List System,https://www.gsaadvantage.gov/ref_text/36F79720D0167/36F79720D0167_online.htm
"47QRCA25DS792
GS-10F-0242W
47QRCA25DU506","APOGEE ENGINEERING, LLC","8610 EXPLORER DRIVE, SUITE 305, UNIT 305, COLORADO SPRINGS, CO 80920-1036",(540)656-8037,michael.haddad@apogeeusa.com,http://www.apogeeusa.com/,KC9TJYEW3KC4,541715,"Small Business, ","Dec 18, 2029",,"Travia Thomas
817-850-8177
travia.thomas@gsa.gov",,,,Contractor not found on the Excluded Parties List System,https://www.gsaadvantage.gov/ref_text/GS10F0242W/GS10F0242W_online.htm
47QRAA22D007T,"24 RESTORE NE, LLC","10 CHURCH ST, SOUTH EASTON, MA 02375-1508",(508)238-3060,kjacobson@24servicesne.com,https://www.24restorene.com/,E32SMP36XTK3,562910,"Small Business, ","Mar 30, 2027","Mar 30, 2042","Angela Y. Delgado
253-931-7200
angela.delgado@gsa.gov",,,,Contractor not found on the Excluded Parties List System,
47QTCA20D006W,"AFINITI CONSULTING GROUP, LLC","3753 HOWARD HUGHES PKWY STE 200, LAS VEGAS, NV 89169-0952",202-355-9029,adrienne.noakes@qmsconsults.com,http://www.qmsconsults.com/,QF2GX3LXR3J1,541512,"Small Business, Women-Owned Small Business, SBA-Certified Women-Owned Small Business, SBA Certified Small Disadvantaged Business, ","Mar 4, 2030","Mar 4, 2040","Cierra Pegg
816-534-3078
cierra.pegg@gsa.gov",,,,Contractor not found on the Excluded Parties List System,https://www.gsaadvantage.gov/ref_text/47QTCA20D006W/47QTCA20D006W_online.htm
"47QRAA18D009D
47QRCA25DS797
47QRCA24DW269","APOGEE SOLUTIONS, INC.","501 INDEPENDENCE PKWY, STE 108, CHESAPEAKE, VA 23320-5173",757-549-2645,kirk.little@apogee.us.com,http://www.apogee.us.com/,T4UET5D7JPB4,541611,"Small Business, Women-Owned Small Business, SBA-Certified Women-Owned Small Business, ","May 14, 2028","May 14, 2038","William R. Peterson
253-561-8468
williamr.peterson@gsa.gov",,,,Contractor not found on the Excluded Parties List System,https://www.gsaadvantage.gov/ref_text/47QRAA18D009D/47QRAA18D009D_online.htm
"47QTCA18D005J
47QTCB22D0582","24X7SYSTEMS, INC.","100 BARTON PL, ALPHARETTA, GA 30005-2578",404-229-7952,srinivas@24x7systems.com,http://www.24x7systems.com/,JNSMCYBN7667,541511,"Small Business, SBA Certified Small Disadvantaged Business, MAS 8(a) Pool- Competitive, ","Jan 16, 2028","Jan 16, 2038","Jamal Dorsey
404-408-6806
jamal.dorsey@gsa.gov",,,,Contractor not found on the Excluded Parties List System,https://www.gsaadvantage.gov/ref_text/47QTCA18D005J/47QTCA18D005J_online.htm
47QRAA25D0057,"AFL ENTERPRISES, LLC","2874 YOSEMITE ST, DENVER, CO 80238-2660",720-838-7739,gsa@afl-enterprises.com,https://www.afl-enterprises.com/,Y3FACCMFG4Y4,541611,"Small Business, Women-Owned Small Business, SBA-Certified Women-Owned Small Business, SBA-Certified Economically Disadvantaged Women-Owned Small Business, SBA Certified Small Disadvantaged Business, MAS 8(a) Pool- Competitive, MAS 8(a) Pool- Sole Source and Competitive (exit date: Jan 25, 2030), ","Feb 9, 2030","Feb 9, 2045","Connor Theisen
253-441-7042
connor.theisen@gsa.gov",,,,Contractor not found on the Excluded Parties List System,https://www.gsaadvantage.gov/ref_text/47QRAA25D0057/47QRAA25D0057_online.htm
47QRAA22D00CT,APOGEE SYSTEMS CORPORATION,"5921 VERANDA DR, SPRINGFIELD, VA 22152-1416",9105805845,e.ross@apogsc.com,http://www.apogee-systems-corp.com/,JJ1JTZXHG2M3,541611,"Small Business, Women-Owned Small Business, SBA-Certified Women-Owned Small Business, SBA-Certified Economically Disadvantaged Women-Owned Small Business, Service Disabled Veteran Owned Small Business, SBA Certified Small Disadvantaged Business, MAS 8(a) Pool- Competitive, ","Jul 18, 2027","Jul 18, 2042","Anita Sampson
202-969-7516
anita.sampson@gsa.gov",,,,Contractor not found on the Excluded Parties List System,https://www.gsaadvantage.gov/ref_text/47QRAA22D00CT/47QRAA22D00CT_online.htm
47QSMS24D006J,259 HOLDINGS LTD LLC,"6122 INNOVATION WAY, CARLSBAD, CA 92009-1728",760-438-0528,cclarkson@microscopeworld.com,http://www.microscopeworld.com/,MJPVMDZTP4H5,333310,"Small Business, Women-Owned Small Business, SBA-Certified Women-Owned Small Business, ","Apr 24, 2029","Apr 24, 2044","Georgette Destine
212-264-3541
georgette.destine@gsa.gov",,,,Contractor not found on the Excluded Parties List System,https://www.gsaadvantage.gov/ref_text/47QSMS24D006J/47QSMS24D006J_online.htm
47QSMA21D08RA,"AFMA, INC.
DBA: CORE OFFICE INTERIORS","10300 METRIC BLVD STE 200, AUSTIN, TX 78758-4966",563-299-0620,nwilliams@coreoi.com,http://www.coreoi.com/,NFJME7KJFKN9,337214,"Small Business, Service Disabled Veteran Owned Small Business, SBA Certified Small Disadvantaged Business, ","Sep 14, 2026","Sep 14, 2041","Stanley G. Hutchinson
703-605-9228
stan.hutchinson@gsa.gov",,,,Contractor not found on the Excluded Parties List System,https://www.gsaadvantage.gov/ref_text/47QSMA21D08RA/47QSMA21D08RA_online.htm
GS-35F-0084S,APOLLO INFORMATION SYSTEMS CORP.,"1 CHISHOLM TRAIL RD STE G100, ROUND ROCK, TX 78681-5090",(408) 399-5110,Daniel@apollo-is.com,http://apollo-is.com/,R6RGTYL69EG7,541519,"Small Business, ","Nov 22, 2025","Nov 22, 2025","Brian L Dingess
817-850-5530
brian.dingess@gsa.gov",,,,Contractor not found on the Excluded Parties List System,https://www.gsaadvantage.gov/ref_text/GS35F0084S/GS35F0084S_online.htm
GS-35F-0719R,"270NET TECHNOLOGIES, INC","50 CITIZENS WAY STE 203, FREDERICK, MD 21701-6024",3016636000,ken.malnar@270net.com,http://www.270net.com/,SG3LDF4UYC25,541519,"Small Business, Veteran Owned Small Business, ","Jul 7, 2025","Jul 7, 2025","Kimberly Sanders
703-605-9162
kimberly.sanders@gsa.gov",,,,Contractor not found on the Excluded Parties List System,https://www.gsaadvantage.gov/ref_text/GS35F0719R/GS35F0719R_online.htm
47QRAA24D00E0,AFORGE LLC,"10400 FURNACE RD # D, LORTON, VA 22079-2613",844-423-6743,contracts@aforge.us,https://www.aforge.us/,QZFPGHL1TBW2,541330,"Small Business, Service Disabled Veteran Owned Small Business, SBA Certified Small Disadvantaged Business, ","Sep 12, 2029","Sep 12, 2044","Anita Sampson
202-969-7516
anita.sampson@gsa.gov",,,,Contractor not found on the Excluded Parties List System,https://www.gsaadvantage.gov/ref_text/47QRAA24D00E0/47QRAA24D00E0_online.htm
"47QMCA22A0003
GS-30F-0029Y",APOLLO SUNGUARD SYSTEMS INC,"4487 ASHTON RD, SARASOTA, FL 34233-2284",941-925-3000,president@sunguard.net,http://www.apollosunguard.com/,JQJXT7N7J438,336211,"Small Business, Service Disabled Veteran Owned Small Business, ","Apr 21, 2027",,"George A. Anderson
703-605-9026
george.anderson@gsa.gov",,,,Contractor not found on the Excluded Parties List System,https://www.gsaadvantage.gov/ref_text/GS30F0029Y/GS30F0029Y_online.htm
"47QRCA24DW052
47QRCA25DS037",2A LLC,"115 N PARKE ST, ABERDEEN, MD 21001-2438",,sherene.cherian@arelicorp.com,,GZ67CL86SJR6,561210,"Small Business, Women-Owned Small Business, SBA-Certified Women-Owned Small Business, SBA Certified Small Disadvantaged Business, SBA Certified 8(a) Firm, ","Sep 29, 2029",,"Heather Sarjeant
253-931-7081
heather.sarjeant@gsa.gov",,,,Contractor not found on the Excluded Parties List System,
GS-30F-005DA,AFRICA AUTOMOTIVE DISTRIBUTION SERVICES LIMITED,"78 QUEENSWAY, THE DOCKYARD, GIBRALTAR GX11 1AA, GIBRALTAR",+350 225 05407,mariano.baleriola@aads-gib.com,https://aads-gib.com/,RB2EJT1RPZA8,336112,"Other Than Small Business, ","Jan 4, 2026","Jan 4, 2036","Pamela T Dail
202-694-2919
pamela.dail@gsa.gov",,,,Contractor not found on the Excluded Parties List System,https://www.gsaadvantage.gov/ref_text/GS30F005DA/GS30F005DA_online.htm
36F79722D0082,"APOS US MANAGEMENT, INC.","300 PARK AVE, STUDIO 2ND FLOOR, NEW YORK, NY 10022",888-806-1977,CustomerServiceVA@aposhealth.com,https://www.aposhealth.com/,Y6BMWE9FPZ89,,"Small Business, ","Feb 28, 2027",,"KARA BAKER
(708)786-3736
kara.baker@va.gov",,,,Contractor not found on the Excluded Parties List System,https://www.gsaadvantage.gov/ref_text/36F79722D0082/36F79722D0082_online.htm
"47QRCA24DW062
47QTCA23D00DC
47QRCA25DS038",2ACES INTEGRATION LLC,"8315 ROUTE 29 STE 650, FAIRFAX, VA 22031-1561",(703)854-1706,bd@2acesintegration.com,http://www.2acesintegration.com/,HLQPE3GL72M4,336611,"Small Business, Women-Owned Small Business, SBA-Certified Women-Owned Small Business, SBA Certified Small Disadvantaged Business, ","Sep 29, 2029",,"Maritza Torres
312-771-0355
maritza.torres@gsa.gov",,,,Contractor not found on the Excluded Parties List System,https://www.gsaadvantage.gov/ref_text/47QTCA23D00DC/47QTCA23D00DC_online.htm
36F79724D0071,AFTER ACTION MEDICAL AND DENTAL,"4444 DECATUR BLVD, SUITE 100, INDIANAPOLIS, IN 46241",800-892-5352,jerry@afteractionmedical.com,http://www.afteractionmedical.com/,G3KKGDBCNSL7,,"Small Business, Service Disabled Veteran Owned Small Business, ","Apr 14, 2029",,"GABRIELA WILLIAMS
(708)786-4970
gabriela.williams@va.gov",,,,Contractor not found on the Excluded Parties List System,https://www.gsaadvantage.gov/ref_text/36F79724D0071/36F79724D0071_online.htm
36F79724D0207,APOTEX CORPORATION,"2400 N.COMMERCE PARKWAY, SUITE #, WESTON, FL 33326",800-706-5575,jwest@apotex.com,http://www.apotex.com/,DHM6TPSYHYY3,,"Other Than Small Business, ","Sep 14, 2029",,"RICKEY MCNEAL
(708)786-5134
rickey.mcneal@va.gov",,,,Contractor not found on the Excluded Parties List System,
47QRAA21D0054,"#1 STRATEGIC SOLUTIONS, LIMITED LIABILITY COMPANY","6537 APOLLO WAY, INDIANAPOLIS, IN 46278-1945",3177502693,susan@strategicsolutionsusa.com,http://www.strategicsolutionsusa.com/,N3XTRPJH2S84,541511,"Apr 30, 2026","Apr 30, 2041","Darrell Howell
210-709-9555
darrell.howell@gsa.gov",,,https://www.gsaadvantage.gov/ref_text/47QRAA21D0054/47QRAA21D0054_online.htm
"47QRCA25DS603
47QTCA25D006B
47QRCA25DU503
47QRCA25DV074",AERMOR LLC,"207 BUSINESS PARK DR, STE 100, VIRGINIA BEACH, VA 23462-6536",(757)214-0501,penny.morgan@aermor.com,http://aermor.com/,FX9ZNBSKELC6,336611,"Dec 18, 2029",,"Mckenna Heath
817-978-1011
mckenna.heath@gsa.gov",,,https://www.gsaadvantage.gov/ref_text/47QTCA25D006B/47QTCA25D006B_online.htm
47QSEA21D007P,ANVIL CASES INC,"1242 E EDNA PL, COVINA, CA 91724-2539",(203) 352-6900,joe@calzonecase.com,http://www.calzoneandanvil.com/,HEM6HJFUJL41,326199,"Sep 8, 2026","Sep 8, 2041","Benjamin Baellow
913-210-9331
benjamin.baellow@gsa.gov",,,https://www.gsaadvantage.gov/ref_text/47QSEA21D007P/47QSEA21D007P_online.htm
36F79724D0213,"0625 LLC
DBA: RINSADA","10492 ALLANTE COURT, GIBSONIA, PA 15044",347-746-7232,srini@rinsada.com,http://www.rinsada.com/,PFR8HBH8J473,,"Sep 30, 2029",,"JUANA ASTUDILLO
(708)786-7737
juana.astudillo@va.gov",,,https://www.gsaadvantage.gov/ref_text/36F79724D0213/36F79724D0213_online.htm
GS-10F-0379Y,AERO E H & S INC,"10310B BALTIMORE NATIONAL PIKE, ELLICOTT CITY, MD 21042-2128",4104803636,hentgen@aeroehs.com,http://www.aeroehs.net/,VF9WHJ3K9NK3,541620,"Jul 4, 2027","Jul 4, 2032","Ethel Jones
404-215-6911
ethel.jones@gsa.gov",,,https://www.gsaadvantage.gov/ref_text/GS10F0379Y/GS10F0379Y_online.htm
47QTCA24D0027,"ANVIL DIGITAL, LLC","880 MONON GREEN BLVD STE 101, CARMEL, IN 46032-3363",(260)409-0359,mcclain@anvildigital.com,http://www.anvildigital.com/,Q68FNHVUJJ26,541519,"Nov 29, 2028","Nov 29, 2043","Gail Smith
770-240-0603
gail.smith@gsa.gov",,,
47QRAA24D0083,"1 ACORD SERVICES, LLC","6815 CARTLEDGE RD, BOX SPRINGS, GA 31801-2020",910-544-5771,dane.acord@1acord.com,http://www.1acord.com/,E1WSK3KM3DK7,541690,"May 12, 2029","May 12, 2044","Alana Nweke
202-899-0837
alana.nweke@gsa.gov",,,https://www.gsaadvantage.gov/ref_text/47QRAA24D0083/47QRAA24D0083_online.htm
GS-30F-0030X,AERO SPECIALTIES INC,"11175 W EMERALD ST, BOISE, ID 83713-8932",208-378-9888,DEREK@AEROSPECIALTIES.COM,http://www.aerospecialties.com/,G2NEVSFVF3Y5,336112,"Jul 24, 2026","Jul 24, 2031","Pamela T Dail
202-694-2919
pamela.dail@gsa.gov",,,https://www.gsaadvantage.gov/ref_text/GS30F0030X/GS30F0030X_online.htm
47QTCB21D0300,ANVIL JV CONSULTING LLC,"12211 LAKE JAMES DR, HERNDON, VA 20171-2010",(703)296-7038,brittney.killen@forgegroupllc.com,https://www.anviljv.com/,Q6EKGA4K7TW7,541512,"Jul 1, 2026",,"Jean E Fluevog
816-823-2660
jean.fluevog@gsa.gov",,,http://www.gsa.gov/stars3
47QTCB22D0554,1 ADAPTIVE ARROW ALLIANCE LLC,"1054 POCAHONTAS TRL, KING WILLIAM, VA 23086-2114",(804)402-1632,STARS3@1a3llc.com,http://1a3llc.com/,DRP1WPYBJRR8,541512,"Jul 1, 2026",,"Anthony D. Russell
913-415-4744
anthony.d.russell@gsa.gov",,,http://www.gsa.gov/stars3
47QRCA25DV025,"AERO TECH GROUP, LLC
DBA: MEI TECHNICAL INTEGRATION SOLUTIONS LLC","18050 SATURN LN STE 300, HOUSTON, TX 77058-4502",,john.kenny@cyfor.com,,F6C8D4VDXFY7,541715,"Apr 15, 2030",,"Victor Donald
210-209-6816
victor.donald@gsa.gov",,,
47QTCA18D007Q,"ANYLOGIC NORTH AMERICA, LLC","1 TOWER LN STE 2655, OAKBROOK TERRACE, IL 60181-4666",312-635-3350,dandersen@anylogic.com,http://www.anylogic.com/,F735CR855KA3,511210,"Feb 25, 2028","Feb 25, 2038","Keith D Cobb
202-714-6282
keith.cobb@gsa.gov",,,https://www.gsaadvantage.gov/ref_text/47QTCA18D007Q/47QTCA18D007Q_online.htm
"47QRCA24DV106
47QRCA25DS001",1 MISSION PARTNERS,"2385 MOUNTAIN RD, HAYMARKET, VA 20169-1545",,rnelson@nets-us.com,,YJSBKLCHH951,336611,"Sep 29, 2029",,"Jill Jernigan
682-478-8746
jill.jernigan@gsa.gov",,,
47QRAA18D00BA,"AERO THERMO TECHNOLOGY, INC","620 DISCOVERY DR NW STE 110, HUNTSVILLE, AL 35806-2817",2569221141,lhuntington@aerothermo.com,http://www.aerothermo.com/,RRWFXLFMKLP1,541715,"Jun 25, 2028","Jun 25, 2038","Derek Souzer
817-850-8276
derek.souzer@gsa.gov",,,https://www.gsaadvantage.gov/ref_text/47QRAA18D00BA/47QRAA18D00BA_online.htm
47QRAA24D00DD,ANYPLACE MANAGEMENT & DIAGNOSTICS INC,"2001 WINDY TER, STE F, CEDAR PARK, TX 78613-4290",5127660159,staffing@ap-md.com,https://ap-md.com/,GH82HTHVNAA5,561320,"Sep 4, 2029","Sep 4, 2044","Connor Theisen
253-441-7042
connor.theisen@gsa.gov",,,https://www.gsaadvantage.gov/ref_text/47QRAA24D00DD/47QRAA24D00DD_online.htm
"47QRCA24DV172
47QTCA19D00AQ","1 SOURCE CONSULTING, INC.
DBA: BUSINESS TECHNOLOGY INTEGRATORS","9500 MEDICAL CENTER DR STE 340, UPPER MARLBORO, MD 20774-3727",(301)916-0050,William.Teel@go-bti.com,http://www.go-bti.com/,EXEYN7TNGWH7,336611,"Sep 29, 2029",,"Jeffrey Medina
817-201-2815
jeffrey.medina@gsa.gov",,,https://www.gsaadvantage.gov/ref_text/47QTCA19D00AQ/47QTCA19D00AQ_online.htm
36F79724D0121,"AERO US, INC.","500 WEST MADISON STREET, SUITE 1150, CHICAGO, IL 60661",5163191522,angai@aerogen.com,https://aerogen.com/,GLXZHMUAE821,,"May 14, 2029",,"PATRICK MCGEE
(708)786-5192
patrick.mcgee3@va.gov",,,
47QTCA22D007R,"ANYTHINGIT, LLC.","2075 91ST ST STE 2, NORTH BERGEN, NJ 07047-6780",877-766-3050,daveb@anythingit.com,http://www.anythingit.com/,YCAFQE7K2BY6,541519,"May 2, 2027","May 2, 2042","Matrese Newman
202-372-7169
matrese.newman@gsa.gov",,,https://www.gsaadvantage.gov/ref_text/47QTCA22D007R/47QTCA22D007R_online.htm
"47QRCA25DSE21
47QTCB21D0296",1 SYNC PYRAMID LLC,"2770 BELL RD, STE 7, MONTGOMERY, AL 36117-6890",(334)202-1409,govt@1syncpyramid.com,,M58FN1ML81K7,336611,"Apr 14, 2030",,"Charles Sykes
817-978-1888
charles.sykes@gsa.gov",,,http://www.gsa.gov/stars3
GS-35F-423GA,AERO-GRAPHICS INC,"40 W OAKLAND AVE, SOUTH SALT LAKE, UT 84115-3007",801-487-3273,kfrancis@aero-graphics.com,http://www.aero-graphics.com/,EUC4ANPYLH66,541519,"May 2, 2027","May 2, 2037","Amy Powell
817-239-2716
amy.powell@gsa.gov",,,https://www.gsaadvantage.gov/ref_text/GS35F423GA/GS35F423GA_online.htm
47QTCA25D006F,ANZENA SYSTEMS LLC,"101 JEFFERSON DR STE 227B, MENLO PARK, CA 94025-1114",(650)622-5414,dmsnyder@anzenasystems.com,http://www.anzenasystems.com/,SXXGADSJWXF5,334111,"Mar 11, 2030","Mar 11, 2045","Kelvin Aiken
202-969-7574
kelvin.aiken@gsa.gov",,,
47QTCA18D00AR,1 SYNC TECHNOLOGIES LLC,"8150 OLD FEDERAL RD, MONTGOMERY, AL 36117-8007",334-219-3921,govt@1synctech.com,http://www.1synctech.com/,SHKSNU48JHZ7,541511,"Apr 17, 2028","Apr 17, 2038","Monique Holeman
202-486-2768
monique.holeman@gsa.gov",,,https://www.gsaadvantage.gov/ref_text/47QTCA18D00AR/47QTCA18D00AR_online.htm
"47QRAA20D0002
47QTCB21D0008","AEROBODIES FITNESS COMPANY, INC.","950 N WASHINGTON ST, SUITE 347, ALEXANDRIA, VA 22314-1534",703-820-0217,franb@aerobodies.com,http://www.aerobodies.com/,YLTRNDMMWM79,541611,"Oct 3, 2029","Oct 3, 2039","Melissa White
443-761-1705
melissa.white@gsa.gov",,,https://www.gsaadvantage.gov/ref_text/47QRAA20D0002/47QRAA20D0002_online.htm
47QRCA25DS767,AOC APPLIED SOLUTIONS LLC,"12020 SUNRISE VALLEY DR STE 144, RESTON, VA 20191-3429",,dthomas@aocwins.com,,PW5TPCMYC1J3,541715,"Dec 18, 2029",,"Jeffrey Medina
817-201-2815
jeffrey.medina@gsa.gov",,,
"36F79719D0044
36F79719D0052","101 MOBILITY, LLC","5221 OLEANDER DRIVE, WILMINGTON, NC 28403",910-350-2755,mbaker@101mobility.com,http://101mobility.com/,JBPBLDUK4NV7,,"Dec 31, 2028",,"BRIGHT OPPONG
(708)786-5854
bright.oppong@va.gov",,,https://www.gsaadvantage.gov/ref_text/36F79719D0044/36F79719D0044_online.htm
47QSWA18D005A,AEROCLAVE LLC,"4001 FORSYTH RD, WINTER PARK, FL 32792-6833",407-960-7836,mquinoy@aeroclave.com,http://www.aeroclave.com/,RNSCB3JB1FB7,332999,"May 31, 2028","May 31, 2038","Nakii Junior
816-926-7427
nakii.junior@gsa.gov",,,https://www.gsaadvantage.gov/ref_text/47QSWA18D005A/47QSWA18D005A_online.htm
GS-35F-0826R,"AOC CONNECT, LLC","19955 HIGHLAND VISTA DR STE 175, ASHBURN, VA 20147-2699",7033455757,dthomas@aocconnect.com,http://www.aocconnect.com/,MN4TNLZQHK45,541519,"Aug 30, 2025","Aug 30, 2025","Kelvin Aiken
202-969-7574
kelvin.aiken@gsa.gov",,,https://www.gsaadvantage.gov/ref_text/GS35F0826R/GS35F0826R_online.htm
47QTCA23D00B1,1013 ENTERPRISE L.L.C.,"609 H ST NE STE 414, WASHINGTON, DC 20002-7184",2022853320,eseifu@1013enterprise.com,http://1013enterprise.com/,GJKBB1JMY481,541512,"Jul 10, 2028","Jul 10, 2043","Ontario Washington
202-969-7458
ontario.washington@gsa.gov",,,https://www.gsaadvantage.gov/ref_text/47QTCA23D00B1/47QTCA23D00B1_online.htm
"47QRCA24DV341
47QRCA25DS132
47QRCA25DU641","AERODYNE INDUSTRIES, LLC
DBA: AERODYNE INDUSTRIES LLC","8910 ASTRONAUT BLVD STE 208, CAPE CANAVERAL, FL 32920-4424",(727)480-3188,aa@aerodyneindustries.com,http://www.aerodyneindustries.com/,KNQNM2J4BDW6,541715,"Sep 29, 2029",,"Amanda Wesson
000-000-0000
amanda.wesson@gsa.gov",,,
47QRAA20D005S,"AOC SOLUTIONS, INC","11350 RANDOM HILLS RD STE 400, FAIRFAX, VA 22030-7421",703-994-9940,AUDREY.MOLINARI@AOCSOLUTIONS.COM,http://www.aocsolutions.com/,DU4CLF8P4XL9,541219,"Apr 20, 2030","Apr 20, 2040","Faye Webb
404-562-0594
faye.webb@gsa.gov",,,https://www.gsaadvantage.gov/ref_text/47QRAA20D005S/47QRAA20D005S_online.htm
47QSEA20D003B,"10GFEDSUPPLY, LLC","19501 W CATAWBA AVE STE 270, CORNELIUS, NC 28031-4067",412-298-7055,pbollinger@10gfs.com,http://10gfedsupply.com/,EEZ3VAARSK96,322121,"Jan 12, 2030","Jan 12, 2040","Marlene Teekell
850-247-2769
marlene.teekell@gsa.gov",,,https://www.gsaadvantage.gov/ref_text/47QSEA20D003B/47QSEA20D003B_online.htm
47QSMS25D0077,AEROFORCE LOGISTICS LLC,"620 E VIENNA AVE, MILWAUKEE, WI 53212-1637",(414)944-0850,heatherv@aeroforcelogistics.com,http://www.aeroforcelogistics.com/,CJMMHN6BBMR7,335132,"Apr 8, 2030","Apr 8, 2045","Stanley G. Hutchinson
703-605-9228
stan.hutchinson@gsa.gov",,,
47QRAA21D0072,"AON CONSULTING, INC.","2001 K ST NW STE 625N, WASHINGTON, DC 20006-1069",202-429-8593,leslie.austin@aon.com,http://www.aon.com/federal,SFE8M7RF4A37,541611,"Jun 23, 2026","Jun 23, 2041","Tyease S. Fuller
253-561-8474
tyease.fuller@gsa.gov",,,https://www.gsaadvantage.gov/ref_text/47QRAA21D0072/47QRAA21D0072_online.htm
47QTCA18D00H9,"10NOVATE, INC.","605 N LINCOLN ST, ARLINGTON, VA 22201-2308",571-228-6543,tricia.iveson@10novate.com,http://www.10novate.com/,ELHDQLWTSNB7,541511,"Aug 14, 2028","Aug 14, 2038","Andrew Vela
956-391-8856
andrew.vela@gsa.gov",,,https://www.gsaadvantage.gov/ref_text/47QTCA18D00H9/47QTCA18D00H9_online.htm
47QSMS25D0010,"AERONIX, INC.","1775 W HIBISCUS BLVD, MELBOURNE, FL 32901-2620",321-984-1671,kcampbell@aeronix.com,http://www.aeronix.com/,JKV4JFYBJAW5,334511,"Oct 29, 2029","Oct 29, 2044","Melanie Foster
302-657-9289
melanie.foster@gsa.gov",,,https://www.gsaadvantage.gov/ref_text/47QSMS25D0010/47QSMS25D0010_online.htm
47QSEA23D0031,"AOPD, INC.","2101 SARDIS RD N STE 206B, CHARLOTTE, NC 28227-7711",630-761-0600,shelley@aopd.com,https://aopd.com/,L5LFDXVM82Y5,322230,"Apr 13, 2028","Apr 13, 2043","Piotr Ulazka
212-577-8611
piotr.ulazka@gsa.gov",,,https://www.gsaadvantage.gov/ref_text/47QSEA23D0031/47QSEA23D0031_online.htm
47QSWA21D001S,"11400, INC.","2551 HORSESHOE RD, LANCASTER, PA 17601-5939",7172080593,kmartin@11400llc.com,http://www.11400llc.com/,U9PKUDH7SPX6,333241,"Jan 14, 2026","Jan 14, 2041","James Watkins
817-850-8194
james.watkins@gsa.gov",,,https://www.gsaadvantage.gov/ref_text/47QSWA21D001S/47QSWA21D001S_online.htm
47QRAA19D0063,"AEROSOL MONITORING & ANALYSIS, INC.","1331 ASHTON RD STE A, HANOVER, MD 21076-3157",410-684-3327,twoerner@amaconsulting.com,http://www.amaconsulting.com/,MHLXKMT8AMJ3,541620,"Mar 17, 2029","Mar 17, 2039","Zandria Pitts
202-969-7666
zandria.pitts@gsa.gov",,,https://www.gsaadvantage.gov/ref_text/47QRAA19D0063/47QRAA19D0063_online.htm
36F79719D0186,"AOTI, INC.","3512 SEAGATE WAY, SUITE 100, OCEANSIDE, CA 92056",(760)431-4700,Mike.Griffiths@aotinc.net,http://www.aotinc.net/,MDP6B9JB2VB1,,"Jun 14, 2029",,"ROBERTO RAMIREZ
(708)786-4988
roberto.ramirez@va.gov",,,https://www.gsaadvantage.gov/ref_text/36F79719D0186/36F79719D0186_online.htm
"47QRCA24DV153
GS-10F-098CA
47QRCA25DS002",11TH HOUR SEARCH LLC,"3110 FAIRVIEW PARK DR, STE 1200, FALLS CHURCH, VA 22042-4503",(301)547-1782,alin@11thhourservice.com,http://www.11thhourservice.com/,MKTEN9W6B3J5,336611,"Sep 29, 2029",,"Cassandra Allen
406-640-7940
cassandra.allen@gsa.gov",,,https://www.gsaadvantage.gov/ref_text/GS10F098CA/GS10F098CA_online.htm
GS-00F-312DA,"AEROSPACE BUSINESS DEVELOPMENT ASSOCIATES, INC.","3100 PRESIDENTIAL DR, STE 200, FAIRBORN, OH 45324-7139",9373181640,lance.chenault@abdainc.com,http://abdainc.com/,VFDNTZK29MK2,541330,"Sep 28, 2026","Sep 28, 2036","Trinity Fuller
202-969-5865
trinity.fuller@gsa.gov",,,https://www.gsaadvantage.gov/ref_text/GS00F312DA/GS00F312DA_online.htm
47QTCB21D0177,"AP&O SOLUTIONS, LLC","613 NW LOOP 410 STE 200, SAN ANTONIO, TX 78216-5502",(205)317-0827,travisgriffin@optechs-inc.com,,J5VJSWUSE6A6,541512,"Jul 1, 2026",,"Jean E Fluevog
816-823-2660
jean.fluevog@gsa.gov",,,http://www.gsa.gov/stars3
GS-07F-078GA,"17TH ST PHOTO SUPPLY, INC.","1168 WANTAGH AVE, WANTAGH, NY 11793-2110",516-500-3605,aj@17photo.com,https://www.17photo.com/,XH64RBKUYEK3,334220,"Feb 28, 2027","Feb 28, 2037","Georgette Destine
212-264-3541
georgette.destine@gsa.gov",,,https://www.gsaadvantage.gov/ref_text/GS07F078GA/GS07F078GA_online.htm
47QRAA22D005H,AEROTECH MAPPING INC,"3285 N FORT APACHE RD # 110, LAS VEGAS, NV 89129-0200",520-561-6537,timburrows@atmlv.com,http://www.atmlv.com/,J34PH4CCSMJ4,541370,"Feb 13, 2027","Feb 13, 2042","Carlus Brown
404-215-6761
carlus.brown@gsa.gov",,,https://www.gsaadvantage.gov/ref_text/47QRAA22D005H/47QRAA22D005H_online.htm
47QTCA24D003C,"APAL SOLUTIONS, LLC","449 WINCHESTER DR, CHAMBERSBURG, PA 17202-7013",7172296918,apallavaram@apalsolutions.net,https://www.apalsolutions.net/,GDK9S6QFADA6,541519,"Dec 26, 2028","Dec 26, 2043","Matrese Newman
202-372-7169
matrese.newman@gsa.gov",,,https://www.gsaadvantage.gov/ref_text/47QTCA24D003C/47QTCA24D003C_online.htm
"GS-35F-333DA
47QTCB22D0132","1800ADMIN, LLC","22522 WELBORNE MANOR SQ, ASHBURN, VA 20148-3144",7039890958,sammy@1800admin.com,http://www.1800admin.com/,KA22XCE5K4Y8,541511,"Jun 1, 2026","Jun 1, 2036","Deborah M. McCray
703-605-2734
deborah.mccray@gsa.gov",,,https://www.gsaadvantage.gov/ref_text/GS35F333DA/GS35F333DA_online.htm
47QRAA25D003S,"AERY AVIATION, LLC","1009 PROVIDENCE BLVD, NEWPORT NEWS, VA 23602-8701",757-761-2727,swalton@aeryaviation.com,http://www.aeryaviation.com/,N5XVKBBXW7L1,541715,"Jan 14, 2030","Jan 14, 2045","Freddie Bellamy
202-969-7610
freddie.bellamy@gsa.gov",,,https://www.gsaadvantage.gov/ref_text/47QRAA25D003S/47QRAA25D003S_online.htm
47QTCA23D00D5,"APAU, LLC","16414 TORTOLA DR, ACCOKEEK, MD 20607-3370",3017060583,e@mechanicode.io,https://mechanicode.io/,NB44QDCXVRK7,541511,"Aug 23, 2028","Aug 23, 2043","August Mccarthy
202-839-7364
august.mccarthy@gsa.gov",,,https://www.gsaadvantage.gov/ref_text/47QTCA23D00D5/47QTCA23D00D5_online.htm
47QRAA25D004Y,"1801 CONSULTING, LLC","23743 CLARKSMEADE DR., CLARKSBURG, MD 20871-4344",301-237-8731,juan@1801consulting.com,http://www.1801creates.com/,EFXSNRHGSXN5,541511,"Feb 4, 2030","Feb 4, 2045","Tashonna Gordon
618-975-1016
tashonna.gordon@gsa.gov",,,https://www.gsaadvantage.gov/ref_text/47QRAA25D004Y/47QRAA25D004Y_online.htm
GS-07F-0358V,AES CORPORATION,"285 NEWBURY ST, PEABODY, MA 01960-7469",978-535-7310,msherman@aes-corp.com,http://www.aes-security.com/,J3A6JX4KGN56,334290,"Jun 7, 2029","Jun 7, 2029","Jonathan L. Woodcock
817-850-8373
jonathan.woodcock@gsa.gov",,,https://www.gsaadvantage.gov/ref_text/GS07F0358V/GS07F0358V_online.htm
GS-30F-0015U,APC EQUIPMENT & MANUFACTURING INC,"7291 S FRANCES AVE, TUCSON, AZ 85756-9704",520-975-7464,kris@apcequipment.com,http://www.apcequipment.com/,DN78DG8PV1Q5,336212,"Apr 7, 2028","Apr 7, 2028","Patti Fay
347-331-7950
patricia.fay@gsa.gov",,,https://www.gsaadvantage.gov/ref_text/GS30F0015U/GS30F0015U_online.htm
GS-35F-0617W,"1901 GROUP, LLC","1750 PRESIDENTS ST, RESTON, VA 20190-5617",571-526-7840,Michael.L.Dinkins@leidos.com,http://www.1901group.com/,PTMRDGJPKHD5,541519,"Sep 1, 2030","Sep 1, 2030","Kelvin Aiken
202-969-7574
kelvin.aiken@gsa.gov",,,https://www.gsaadvantage.gov/ref_text/GS35F0617W/GS35F0617W_online.htm
47QRAA22D00DR,AES GROUP INC,"11031 S PIKES PEAK DR STE 202, PARKER, CO 80138-7360",303-841-3922,clbenson@aes-grp.com,http://www.aes-grp.com/,KXGTQ3BY1XB8,541330,"Aug 17, 2027","Aug 17, 2042","Connor Theisen
253-441-7042
connor.theisen@gsa.gov",,,https://www.gsaadvantage.gov/ref_text/47QRAA22D00DR/47QRAA22D00DR_online.htm
47QSMA19D08QA,"APCO GRAPHICS, INC.","388 GRANT ST SE, ATLANTA, GA 30312-2227",404-688-9000,gpearson@apcosigns.com,http://www.apcosigns.com/,LC62KRR8ERV9,339950,"Jun 23, 2029","Jun 23, 2039","Steve Dacunha
215-446-4787
steve.dacunha@gsa.gov",,,https://www.gsaadvantage.gov/ref_text/47QSMA19D08QA/47QSMA19D08QA_online.htm
47QTCA23D001U,1A1 INNOVATIONS LLC,"12901 GULF LN, UNIT 503, MADEIRA BEACH, FL 33708-2682",443-251-6216,SanthoshJ@1a1innovations.com,http://https//www.1a1innovations.com/,YHM7X54WSLT1,541512,"Nov 22, 2027","Nov 22, 2042","Joseph Colwell
816-614-0918
joseph.colwell@gsa.gov",,,https://www.gsaadvantage.gov/ref_text/47QTCA23D001U/47QTCA23D001U_online.htm
GS-07F-0421T,AES SYSTEMS INC,"1167 N 450 W, SPRINGVILLE, UT 84663-3044",8014913804,karlp@aessystems.com,http://www.aessystems.com/,JLKPWJFX65Z3,334512,"May 31, 2027","May 31, 2027","Tiffany S. Jolly
817-585-2714
tiffany.jolly@gsa.gov",,,https://www.gsaadvantage.gov/ref_text/GS07F0421T/GS07F0421T_online.htm
47QTCA21D0009,"APELON, INC.","75 SGT WILLIAM B TERRY DR, STE 2005, HINGHAM, MA 02043-1518",2034312530,accounting@apelon.com,http://www.apelon.com/,TKLNE7C6REW4,511210,"Oct 4, 2025","Oct 4, 2040","Patricia Blaise
484-501-4666
patricia.blaise@gsa.gov",,,https://www.gsaadvantage.gov/ref_text/47QTCA21D0009/47QTCA21D0009_online.htm
47QTCB22D0019,"1AGILE TECHNOLOGIES, LLC","60 COMMERCE ST STE 320, MONTGOMERY, AL 36104-3683",(334)532-3663,STARS3@1agiletech.com,http://www.1agiletech.com/,S4DHGCQ7FM94,541512,"Jul 1, 2026",,"Anthony D. Russell
913-415-4744
anthony.d.russell@gsa.gov",,,http://www.gsa.gov/stars3
GS-35F-653GA,AESA CONSULTING LLC,"19875 EVERGREEN MILLS RD, LEESBURG, VA 20175-8740",(703)309-1750,aalexander@aesaconsulting.com,http://www.aesaconsulting.com/,LEUWY1TYUX43,541511,"Sep 6, 2027","Sep 6, 2037","Patricia Blaise
484-501-4666
patricia.blaise@gsa.gov",,,
47QTCA20D00EY,"APERIA SOLUTIONS, INC.","14881 QUORUM DR, FL 6, DALLAS, TX 75254-6781",(888)302-0296,asisson@aperia.com,http://www.aperia.com/,JCTZTXCNX729,541511,"Sep 13, 2025","Sep 13, 2040","Kelli Holmes
202-213-7345
kelli.holmes@gsa.gov",,,
47QTCB22D0414,1ALPHASTARS3 LLC,"11756 PINDELL CHASE DR, FULTON, MD 20759-9704",(301)395-7347,rfloura@rjitsolutions.com,,HQ1MYMNEZ3L4,541512,"Jul 1, 2026",,"Anthony D. Russell
913-415-4744
anthony.d.russell@gsa.gov",,,http://www.gsa.gov/stars3
GS-35F-693GA,AET FEDERAL INC.,"8500 LEESBURG PIKE STE 207, VIENNA, VA 22182-2409",301-693-2923,kamro@aetfederal.com,http://www.aetfederal.com/,KNXFCJTZ4M36,541512,"Sep 25, 2027","Sep 25, 2037","Aaron Williams
804-944-1938
aaron.williams@gsa.gov",,,https://www.gsaadvantage.gov/ref_text/GS35F693GA/GS35F693GA_online.htm
47QTCA23D007Z,APERIO GLOBAL LLC,"11710 PLAZA AMERICA DR, STE 2000, RESTON, VA 20190-4743",571-464-0820,ebohrer@aperioglobal.com,http://www.aperioglobal.com/,EAXMYAR1KRA8,541511,"May 3, 2028","May 3, 2043","Rosa Vega
728-218-5863
rosa.vega@gsa.gov",,,https://www.gsaadvantage.gov/ref_text/47QTCA23D007Z/47QTCA23D007Z_online.htm
47QRAA24D007Y,"1BF GROUP, LLC","1806 WINSTON DR, HAGERSTOWN, MD 21740-6781",(202)495-2902,michault@sidemgroup.com,http://www.1bfgroup.com/,KB5AU3K4MTS5,561920,"May 8, 2029","May 8, 2044","Denise Nenichka
202-969-7625
denise.nenichka@gsa.gov",,,https://www.gsaadvantage.gov/ref_text/47QRAA24D007Y/47QRAA24D007Y_online.htm
47QTCA23D0081,AETOS LLC,"5310 STATICE HUNT, SAN ANTONIO, TX 78253-5623",210-687-7230,mnegrete@aetosllc.com,http://www.aetosllc.com/,FXEHYJUAZHA4,541511,"May 3, 2028","May 3, 2043","Tiffany Spencer
404-526-3166
tiffany.spencer@gsa.gov",,,https://www.gsaadvantage.gov/ref_text/47QTCA23D0081/47QTCA23D0081_online.htm
"47QRAA22D0029
47QRCA25DS782","APERTURE SOLUTIONS GROUP, INC.","1800 ALEXANDER BELL DR STE 100, RESTON, VA 20191-4385",404-277-9784,Cameron.raithel@aperturesg.com,http://www.aperturesg.com/,ZFVHNRDDJTP3,541611,"Nov 16, 2026","Nov 16, 2041","Marie Porrazzo
253-561-8473
marie.porrazzo@gsa.gov",,,https://www.gsaadvantage.gov/ref_text/47QRAA22D0029/47QRAA22D0029_online.htm
47QTCA22D009Q,1CLICKSECURITY LLC,"1650 KING STREET, STE 325, ALEXANDRIA, VA 22314-2747",(202)718-8860,lbryan@gsafederalsolutions.com,http://www.1clicksecurity.com/,KCDLYN52DE67,541511,"Jun 16, 2027","Jun 16, 2042","Collin Farquhar
617-283-4650
collin.farquhar@gsa.gov",,,
GS-35F-555GA,AETOS SYSTEMS INC,"1525 PERIMETER PKWY NW, STE 115, HUNTSVILLE, AL 35806-3575",256-509-3275,david.mcdonald@aetossystems.com,http://www.aetossystems.com/,KR22CJQRBMN1,541519,"Jul 18, 2027","Jul 18, 2037","Isabelle Richards
617-416-7197
isabelle.richards@gsa.gov",,,https://www.gsaadvantage.gov/ref_text/GS35F555GA/GS35F555GA_online.htm
"47QRAA22D0089
47QRCA25DS787
47QRCA24DV252","APEX ANALYTICS GROUP, INC.","205 S 5TH ST, LEAVENWORTH, KS 66048-2602",(913) 250-5588,jeff.from@apexanalyticsgroup.com,http://www.apexanalyticsgroup.com/,N52UGU9YKDD1,541690,"Apr 11, 2027","Apr 11, 2042","Adrauna Kelley
253-931-7167
adrauna.kelley@gsa.gov",,,https://www.gsaadvantage.gov/ref_text/47QRAA22D0089/47QRAA22D0089_online.htm
47QTCA22D003V,"1CYBERFORCE, LLC","950 HERNDON PKWY STE 410, HERNDON, VA 20170-5537",5714498815,krish@yakshna.com,http://www.1cyberforce.com/,FKW1ZBZ2PAC2,541511,"Jan 25, 2027","Jan 25, 2042","Alonte Williams
202-215-2694
alonte.williams@gsa.gov",,,https://www.gsaadvantage.gov/ref_text/47QTCA22D003V/47QTCA22D003V_online.htm
47QTCB22D0553,AETOTECH LLC,"200 W SAHARA AVE, UNIT 601, LAS VEGAS, NV 89102-5098",(703)203-6884,nicole.felise@aetotech.net,http://www.aetotech.net/,YYL7YH8HUDJ5,541512,"Jul 1, 2026",,"Anthony D. Russell
913-415-4744
anthony.d.russell@gsa.gov",,,http://www.gsa.gov/stars3
47QTCA24D00GD,APEX COLLABORATIVE TECHNOLOGIES LLC,"5520 RESEARCH PARK DRIVE, SUITE, BALTIMORE, MD 21228-4851",240-389-4194,keith@apexcollabtech.com,https://www.apexcollabtech.com/,ECHLPGB2X6V3,541519,"Sep 22, 2029","Sep 22, 2044","chaquitiadcobbins
202-501-1808
chaquitia.cobbins@gsa.gov",,,https://www.gsaadvantage.gov/ref_text/47QTCA24D00GD/47QTCA24D00GD_online.htm
47QREA21D000W,"1FORCE SECURE SOLUTIONS, LLC","1 CARDINAL RD STE 7, HILTON HEAD ISLAND, SC 29926-3780",770-286-0696,mburke@1force.com,http://www.1force.com/,ZJHVLF989SX6,561611,"May 31, 2026","May 31, 2041","Khoung J. Chang
253-931-7916
khoung.chang@gsa.gov",,,https://www.gsaadvantage.gov/ref_text/47QREA21D000W/47QREA21D000W_online.htm
36F79718D0552,"AETREX, INC","414 ALFRED AVENUE, TEANECK, NJ 07666",800-526-2739,aessig@aetrex.com,http://www.aetrex.com/,MY2JHE7MLEQ6,,"Aug 14, 2028",,"AMY MARCHESE-ROSARIO
(708)786-5918
amy.marchese-rosario@va.gov",,,https://www.gsaadvantage.gov/ref_text/36F79718D0552/36F79718D0552_online.htm
36F79725D0027,"APEX FOOT HEALTH INDUSTRIES, LLC","4825 EAST INGRAM STREET, MESA, AZ 85205",205-876-6824,troy.white@ohi.net,https://apexfoot.com/,SG6GVL279T46,,"Dec 31, 2029",,"MICHAEL LOOP
(708)786-5153
michael.loop@va.gov",,,https://www.gsaadvantage.gov/ref_text/36F79725D0027/36F79725D0027_online.htm
47QRAA24D00C6,"1PRO MEDIA INC., II","3810 SW 6TH AVE, CAPE CORAL, FL 33914-5313",8434331062,robert@itzmediagroup.com,http://www.1pro.com/,SBBSFEEGF2N9,512110,"Aug 14, 2029","Aug 14, 2044","Alana Nweke
202-899-0837
alana.nweke@gsa.gov",,,https://www.gsaadvantage.gov/ref_text/47QRAA24D00C6/47QRAA24D00C6_online.htm
47QRCA25DU700,"AEVEX AEROSPACE, LLC","440 STEVENS AVE STE 150, SOLANA BEACH, CA 92075-2058",(904)738-7190,wmiller@aevex.com,http://www.aevex.com/,LL8SH4DDJSK6,541350,"Apr 14, 2030",,"Travia Thomas
817-850-8177
travia.thomas@gsa.gov",,,
"47QTCA20D00B0
47QTCB21D0065",APEX INFINITE SOLUTIONS LLC,"8801 N MERIDIAN ST STE 209, INDIANAPOLIS, IN 46260-5315",317-974-0382,govt@aisllp.com,http://aisllp.com/,KCMLKQPCJ2K8,541512,"Jun 7, 2025","Jun 7, 2040","Keith A. George
210-306-2349
keith.george@gsa.gov",,,https://www.gsaadvantage.gov/ref_text/47QTCA20D00B0/47QTCA20D00B0_online.htm
"47QTCA20D00AW
47QTCB22D0453","1PROSPECT TECHNOLOGIES, LLC","3215 W STATE ST, STE 309A, MILWAUKEE, WI 53208-3364",210-714-1352,lorene.reeder@1prospect.com,http://www.1prospect.com/,GX2WMLVX8JH9,541512,"Jun 4, 2025","Jun 4, 2040","Gail Smith
770-240-0603
gail.smith@gsa.gov",,,https://www.gsaadvantage.gov/ref_text/47QTCA20D00AW/47QTCA20D00AW_online.htm
47QTCA25D0035,AEX DIGITAL LLC,"7315 WISCONSIN AVE, STE 900W, BETHESDA, MD 20814-3213",202-792-1171,contracts@aexdigital.net,https://aexdigital.net/,WGEHQ9KXXVJ6,541519,"Dec 12, 2029","Dec 12, 2044","Kounthea Richards
202-357-5839
kounthea.richards@gsa.gov",,,https://www.gsaadvantage.gov/ref_text/47QTCA25D0035/47QTCA25D0035_online.htm
36F79721D0118,"APEX INTEGRATED DISTRIBUTION, LL","2372 MORSE AVE., SUITE 162, IRVINE, CA 92614",714-481-0192,Chris.Hancock@Apexid.net,http://www.apexid.net/,JYL9EM912YK7,,"Feb 28, 2026",,"GABRIELA WILLIAMS
(708)786-4970
gabriela.williams@va.gov",,,https://www.gsaadvantage.gov/ref_text/36F79721D0118/36F79721D0118_online.htm
GS-10F-0291U,1SPATIAL INC,"8614 WESTWOOD CENTER DR STE 350, VIENNA, VA 22182-2268",5126945416,jennifer.whitney@1spatial.com,http://1spatial.com/,HJZQJHWNMJM3,541620,"Jul 17, 2028","Jul 17, 2028","Tyease S. Fuller
253-561-8474
tyease.fuller@gsa.gov",,,https://www.gsaadvantage.gov/ref_text/GS10F0291U/GS10F0291U_online.htm
"47QRCA25DU009
47QTCA20D00AN",AEYON LLC,"8618 WESTWOOD CENTER DR STE 240, VIENNA, VA 22182-2222",(301)213-6349,wsstapleton@aeyon.us,,DHBKJ6ECNAK4,541350,"Dec 5, 2029",,"Trisha Brinton
448-202-2057
trisha.brinton@gsa.gov",,,https://www.gsaadvantage.gov/ref_text/47QTCA20D00AN/47QTCA20D00AN_online.htm
47QTCA22D00A2,APEX LOGIC INC,"885 TAHOE BLVD STE 9, INCLINE VILLAGE, NV 89451-9408",3015261043,mike.vaidya@apexlogic.com,http://www.apexlogic.com/,N1FXKRFNDN37,541511,"Jun 28, 2027","Jun 28, 2042","August Mccarthy
202-839-7364
august.mccarthy@gsa.gov",,,https://www.gsaadvantage.gov/ref_text/47QTCA22D00A2/47QTCA22D00A2_online.htm
GS-35F-106AA,1ST ALL FILE RECOVERY USA INC,"3570 WARRENSVILLE CENTER RD STE, SHAKER HEIGHTS, OH 44122-5210",800-882-7172,GSA@DATARETRIEVAL.COM,http://www.dataretrieval.com/,RJ49FLY8EUH5,541519,"Dec 14, 2027","Dec 14, 2032","Jordan Trujillo
760-681-9409
jordan.trujillo@gsa.gov",,,https://www.gsaadvantage.gov/ref_text/GS35F106AA/GS35F106AA_online.htm
47QRAA24D000X,"AF 1 PROTECTIVE AGENCY, INC.","55 WESTON RD STE 208, WESTON, FL 33326-1170",(954)645-2643,jacques@af1protectiveagency.com,https://www.af1protectiveagency.com/,YA4ETCVTYN93,541611,"Nov 8, 2028","Nov 8, 2043","Phyllis Maben
303-236-1366
phyllis.maben@gsa.gov",,,https://www.gsaadvantage.gov/ref_text/47QRAA24D000X/47QRAA24D000X_online.htm
47QSWA22D0005,APEX MODULAR GROUP LLC,"4626 STOCKPORT CIR, DUBLIN, OH 43016-8290",469-715-7693,joe@apexmodulargroup.com,http://www.apexmodulargroup.com/,QQ3MLMMGD235,532490,"Oct 5, 2026","Oct 5, 2041","Tanika Carroll
817-978-0430
tanika.carroll@gsa.gov",,,https://www.gsaadvantage.gov/ref_text/47QSWA22D0005/47QSWA22D0005_online.htm
36F79722D0024,1ST AMERICAN MEDICAL DISTRIBUTOR,"151 HERITAGE PARK DRIVE, SUITE 201, MURFREESBORO, TN 37129",6159041263,bryce@1st-amd.com,http://www.1st-amd.com/,NG4FRBLDG6V1,,"Nov 30, 2026",,"MONICA THOMPSON
(708)786-7737
monica.thompson@va.gov",,,https://www.gsaadvantage.gov/ref_text/36F79722D0024/36F79722D0024_online.htm
GS-07F-0514T,"AF&S PRODUCTS & SERVICES, INC.","350 10TH AVE STE 1000 UNIT 1024, SAN DIEGO, CA 92101-8705",619-787-3302,lisa@afsproductsinc.com,http://www.atafs.com/,K9AXYA6KSFG7,325998,"Aug 14, 2027","Aug 14, 2027","James Watkins
817-850-8194
james.watkins@gsa.gov",,,https://www.gsaadvantage.gov/ref_text/GS07F0514T/GS07F0514T_online.htm
